--
-- PostgreSQL database dump
--

\restrict vCAMXfeMzUKab0c6wfjtTbCSeqTjASZ8wiMz5qHK9KlZBK19TCcbVPyXobaIXup

-- Dumped from database version 15.16
-- Dumped by pg_dump version 15.16

SET statement_timeout = 0;
SET lock_timeout = 0;
SET idle_in_transaction_session_timeout = 0;
SET client_encoding = 'UTF8';
SET standard_conforming_strings = on;
SELECT pg_catalog.set_config('search_path', '', false);
SET check_function_bodies = false;
SET xmloption = content;
SET client_min_messages = warning;
SET row_security = off;

SET default_tablespace = '';

SET default_table_access_method = heap;

--
-- Name: auth_group; Type: TABLE; Schema: public; Owner: factory_admin
--

CREATE TABLE public.auth_group (
    id integer NOT NULL,
    name character varying(150) NOT NULL
);


ALTER TABLE public.auth_group OWNER TO factory_admin;

--
-- Name: auth_group_id_seq; Type: SEQUENCE; Schema: public; Owner: factory_admin
--

ALTER TABLE public.auth_group ALTER COLUMN id ADD GENERATED BY DEFAULT AS IDENTITY (
    SEQUENCE NAME public.auth_group_id_seq
    START WITH 1
    INCREMENT BY 1
    NO MINVALUE
    NO MAXVALUE
    CACHE 1
);


--
-- Name: auth_group_permissions; Type: TABLE; Schema: public; Owner: factory_admin
--

CREATE TABLE public.auth_group_permissions (
    id bigint NOT NULL,
    group_id integer NOT NULL,
    permission_id integer NOT NULL
);


ALTER TABLE public.auth_group_permissions OWNER TO factory_admin;

--
-- Name: auth_group_permissions_id_seq; Type: SEQUENCE; Schema: public; Owner: factory_admin
--

ALTER TABLE public.auth_group_permissions ALTER COLUMN id ADD GENERATED BY DEFAULT AS IDENTITY (
    SEQUENCE NAME public.auth_group_permissions_id_seq
    START WITH 1
    INCREMENT BY 1
    NO MINVALUE
    NO MAXVALUE
    CACHE 1
);


--
-- Name: auth_permission; Type: TABLE; Schema: public; Owner: factory_admin
--

CREATE TABLE public.auth_permission (
    id integer NOT NULL,
    name character varying(255) NOT NULL,
    content_type_id integer NOT NULL,
    codename character varying(100) NOT NULL
);


ALTER TABLE public.auth_permission OWNER TO factory_admin;

--
-- Name: auth_permission_id_seq; Type: SEQUENCE; Schema: public; Owner: factory_admin
--

ALTER TABLE public.auth_permission ALTER COLUMN id ADD GENERATED BY DEFAULT AS IDENTITY (
    SEQUENCE NAME public.auth_permission_id_seq
    START WITH 1
    INCREMENT BY 1
    NO MINVALUE
    NO MAXVALUE
    CACHE 1
);


--
-- Name: auth_user; Type: TABLE; Schema: public; Owner: factory_admin
--

CREATE TABLE public.auth_user (
    id integer NOT NULL,
    password character varying(128) NOT NULL,
    last_login timestamp with time zone,
    is_superuser boolean NOT NULL,
    username character varying(150) NOT NULL,
    first_name character varying(150) NOT NULL,
    last_name character varying(150) NOT NULL,
    email character varying(254) NOT NULL,
    is_staff boolean NOT NULL,
    is_active boolean NOT NULL,
    date_joined timestamp with time zone NOT NULL
);


ALTER TABLE public.auth_user OWNER TO factory_admin;

--
-- Name: auth_user_groups; Type: TABLE; Schema: public; Owner: factory_admin
--

CREATE TABLE public.auth_user_groups (
    id bigint NOT NULL,
    user_id integer NOT NULL,
    group_id integer NOT NULL
);


ALTER TABLE public.auth_user_groups OWNER TO factory_admin;

--
-- Name: auth_user_groups_id_seq; Type: SEQUENCE; Schema: public; Owner: factory_admin
--

ALTER TABLE public.auth_user_groups ALTER COLUMN id ADD GENERATED BY DEFAULT AS IDENTITY (
    SEQUENCE NAME public.auth_user_groups_id_seq
    START WITH 1
    INCREMENT BY 1
    NO MINVALUE
    NO MAXVALUE
    CACHE 1
);


--
-- Name: auth_user_id_seq; Type: SEQUENCE; Schema: public; Owner: factory_admin
--

ALTER TABLE public.auth_user ALTER COLUMN id ADD GENERATED BY DEFAULT AS IDENTITY (
    SEQUENCE NAME public.auth_user_id_seq
    START WITH 1
    INCREMENT BY 1
    NO MINVALUE
    NO MAXVALUE
    CACHE 1
);


--
-- Name: auth_user_user_permissions; Type: TABLE; Schema: public; Owner: factory_admin
--

CREATE TABLE public.auth_user_user_permissions (
    id bigint NOT NULL,
    user_id integer NOT NULL,
    permission_id integer NOT NULL
);


ALTER TABLE public.auth_user_user_permissions OWNER TO factory_admin;

--
-- Name: auth_user_user_permissions_id_seq; Type: SEQUENCE; Schema: public; Owner: factory_admin
--

ALTER TABLE public.auth_user_user_permissions ALTER COLUMN id ADD GENERATED BY DEFAULT AS IDENTITY (
    SEQUENCE NAME public.auth_user_user_permissions_id_seq
    START WITH 1
    INCREMENT BY 1
    NO MINVALUE
    NO MAXVALUE
    CACHE 1
);


--
-- Name: core_assemblystep; Type: TABLE; Schema: public; Owner: factory_admin
--

CREATE TABLE public.core_assemblystep (
    id bigint NOT NULL,
    step_number integer NOT NULL,
    description text NOT NULL,
    tooling character varying(200) NOT NULL,
    torque character varying(50) NOT NULL,
    product_id bigint NOT NULL,
    workstation_id bigint NOT NULL,
    standard_duration_seconds integer NOT NULL,
    category_id bigint
);


ALTER TABLE public.core_assemblystep OWNER TO factory_admin;

--
-- Name: core_assemblystep_id_seq; Type: SEQUENCE; Schema: public; Owner: factory_admin
--

ALTER TABLE public.core_assemblystep ALTER COLUMN id ADD GENERATED BY DEFAULT AS IDENTITY (
    SEQUENCE NAME public.core_assemblystep_id_seq
    START WITH 1
    INCREMENT BY 1
    NO MINVALUE
    NO MAXVALUE
    CACHE 1
);


--
-- Name: core_productvariant; Type: TABLE; Schema: public; Owner: factory_admin
--

CREATE TABLE public.core_productvariant (
    id bigint NOT NULL,
    name character varying(100) NOT NULL,
    code character varying(50) NOT NULL,
    image character varying(100)
);


ALTER TABLE public.core_productvariant OWNER TO factory_admin;

--
-- Name: core_productvariant_id_seq; Type: SEQUENCE; Schema: public; Owner: factory_admin
--

ALTER TABLE public.core_productvariant ALTER COLUMN id ADD GENERATED BY DEFAULT AS IDENTITY (
    SEQUENCE NAME public.core_productvariant_id_seq
    START WITH 1
    INCREMENT BY 1
    NO MINVALUE
    NO MAXVALUE
    CACHE 1
);


--
-- Name: core_taskcategory; Type: TABLE; Schema: public; Owner: factory_admin
--

CREATE TABLE public.core_taskcategory (
    id bigint NOT NULL,
    name character varying(100) NOT NULL,
    ordering integer NOT NULL
);


ALTER TABLE public.core_taskcategory OWNER TO factory_admin;

--
-- Name: core_taskcategory_id_seq; Type: SEQUENCE; Schema: public; Owner: factory_admin
--

ALTER TABLE public.core_taskcategory ALTER COLUMN id ADD GENERATED BY DEFAULT AS IDENTITY (
    SEQUENCE NAME public.core_taskcategory_id_seq
    START WITH 1
    INCREMENT BY 1
    NO MINVALUE
    NO MAXVALUE
    CACHE 1
);


--
-- Name: core_tasklog; Type: TABLE; Schema: public; Owner: factory_admin
--

CREATE TABLE public.core_tasklog (
    id bigint NOT NULL,
    start_time timestamp with time zone NOT NULL,
    end_time timestamp with time zone,
    was_intervened boolean NOT NULL,
    assembly_step_id bigint NOT NULL,
    truck_run_id bigint NOT NULL,
    status_color character varying(10),
    operator_id bigint
);


ALTER TABLE public.core_tasklog OWNER TO factory_admin;

--
-- Name: core_tasklog_id_seq; Type: SEQUENCE; Schema: public; Owner: factory_admin
--

ALTER TABLE public.core_tasklog ALTER COLUMN id ADD GENERATED BY DEFAULT AS IDENTITY (
    SEQUENCE NAME public.core_tasklog_id_seq
    START WITH 1
    INCREMENT BY 1
    NO MINVALUE
    NO MAXVALUE
    CACHE 1
);


--
-- Name: core_truckrun; Type: TABLE; Schema: public; Owner: factory_admin
--

CREATE TABLE public.core_truckrun (
    id bigint NOT NULL,
    start_time timestamp with time zone NOT NULL,
    is_active boolean NOT NULL,
    product_id bigint NOT NULL,
    workstation_id bigint NOT NULL,
    truck_serial_number character varying(100)
);


ALTER TABLE public.core_truckrun OWNER TO factory_admin;

--
-- Name: core_truckrun_id_seq; Type: SEQUENCE; Schema: public; Owner: factory_admin
--

ALTER TABLE public.core_truckrun ALTER COLUMN id ADD GENERATED BY DEFAULT AS IDENTITY (
    SEQUENCE NAME public.core_truckrun_id_seq
    START WITH 1
    INCREMENT BY 1
    NO MINVALUE
    NO MAXVALUE
    CACHE 1
);


--
-- Name: core_worker; Type: TABLE; Schema: public; Owner: factory_admin
--

CREATE TABLE public.core_worker (
    id bigint NOT NULL,
    name character varying(100) NOT NULL,
    badge_id character varying(20) NOT NULL,
    role character varying(20) NOT NULL,
    assigned_station_id bigint
);


ALTER TABLE public.core_worker OWNER TO factory_admin;

--
-- Name: core_worker_id_seq; Type: SEQUENCE; Schema: public; Owner: factory_admin
--

ALTER TABLE public.core_worker ALTER COLUMN id ADD GENERATED BY DEFAULT AS IDENTITY (
    SEQUENCE NAME public.core_worker_id_seq
    START WITH 1
    INCREMENT BY 1
    NO MINVALUE
    NO MAXVALUE
    CACHE 1
);


--
-- Name: core_workstation; Type: TABLE; Schema: public; Owner: factory_admin
--

CREATE TABLE public.core_workstation (
    id bigint NOT NULL,
    name character varying(50) NOT NULL,
    slug character varying(50) NOT NULL,
    ip_address inet NOT NULL,
    is_active boolean NOT NULL,
    reset_pin character varying(4) NOT NULL
);


ALTER TABLE public.core_workstation OWNER TO factory_admin;

--
-- Name: core_workstation_id_seq; Type: SEQUENCE; Schema: public; Owner: factory_admin
--

ALTER TABLE public.core_workstation ALTER COLUMN id ADD GENERATED BY DEFAULT AS IDENTITY (
    SEQUENCE NAME public.core_workstation_id_seq
    START WITH 1
    INCREMENT BY 1
    NO MINVALUE
    NO MAXVALUE
    CACHE 1
);


--
-- Name: django_admin_log; Type: TABLE; Schema: public; Owner: factory_admin
--

CREATE TABLE public.django_admin_log (
    id integer NOT NULL,
    action_time timestamp with time zone NOT NULL,
    object_id text,
    object_repr character varying(200) NOT NULL,
    action_flag smallint NOT NULL,
    change_message text NOT NULL,
    content_type_id integer,
    user_id integer NOT NULL,
    CONSTRAINT django_admin_log_action_flag_check CHECK ((action_flag >= 0))
);


ALTER TABLE public.django_admin_log OWNER TO factory_admin;

--
-- Name: django_admin_log_id_seq; Type: SEQUENCE; Schema: public; Owner: factory_admin
--

ALTER TABLE public.django_admin_log ALTER COLUMN id ADD GENERATED BY DEFAULT AS IDENTITY (
    SEQUENCE NAME public.django_admin_log_id_seq
    START WITH 1
    INCREMENT BY 1
    NO MINVALUE
    NO MAXVALUE
    CACHE 1
);


--
-- Name: django_content_type; Type: TABLE; Schema: public; Owner: factory_admin
--

CREATE TABLE public.django_content_type (
    id integer NOT NULL,
    app_label character varying(100) NOT NULL,
    model character varying(100) NOT NULL
);


ALTER TABLE public.django_content_type OWNER TO factory_admin;

--
-- Name: django_content_type_id_seq; Type: SEQUENCE; Schema: public; Owner: factory_admin
--

ALTER TABLE public.django_content_type ALTER COLUMN id ADD GENERATED BY DEFAULT AS IDENTITY (
    SEQUENCE NAME public.django_content_type_id_seq
    START WITH 1
    INCREMENT BY 1
    NO MINVALUE
    NO MAXVALUE
    CACHE 1
);


--
-- Name: django_migrations; Type: TABLE; Schema: public; Owner: factory_admin
--

CREATE TABLE public.django_migrations (
    id bigint NOT NULL,
    app character varying(255) NOT NULL,
    name character varying(255) NOT NULL,
    applied timestamp with time zone NOT NULL
);


ALTER TABLE public.django_migrations OWNER TO factory_admin;

--
-- Name: django_migrations_id_seq; Type: SEQUENCE; Schema: public; Owner: factory_admin
--

ALTER TABLE public.django_migrations ALTER COLUMN id ADD GENERATED BY DEFAULT AS IDENTITY (
    SEQUENCE NAME public.django_migrations_id_seq
    START WITH 1
    INCREMENT BY 1
    NO MINVALUE
    NO MAXVALUE
    CACHE 1
);


--
-- Name: django_session; Type: TABLE; Schema: public; Owner: factory_admin
--

CREATE TABLE public.django_session (
    session_key character varying(40) NOT NULL,
    session_data text NOT NULL,
    expire_date timestamp with time zone NOT NULL
);


ALTER TABLE public.django_session OWNER TO factory_admin;

--
-- Data for Name: auth_group; Type: TABLE DATA; Schema: public; Owner: factory_admin
--

COPY public.auth_group (id, name) FROM stdin;
\.


--
-- Data for Name: auth_group_permissions; Type: TABLE DATA; Schema: public; Owner: factory_admin
--

COPY public.auth_group_permissions (id, group_id, permission_id) FROM stdin;
\.


--
-- Data for Name: auth_permission; Type: TABLE DATA; Schema: public; Owner: factory_admin
--

COPY public.auth_permission (id, name, content_type_id, codename) FROM stdin;
1	Can add log entry	1	add_logentry
2	Can change log entry	1	change_logentry
3	Can delete log entry	1	delete_logentry
4	Can view log entry	1	view_logentry
5	Can add permission	2	add_permission
6	Can change permission	2	change_permission
7	Can delete permission	2	delete_permission
8	Can view permission	2	view_permission
9	Can add group	3	add_group
10	Can change group	3	change_group
11	Can delete group	3	delete_group
12	Can view group	3	view_group
13	Can add user	4	add_user
14	Can change user	4	change_user
15	Can delete user	4	delete_user
16	Can view user	4	view_user
17	Can add content type	5	add_contenttype
18	Can change content type	5	change_contenttype
19	Can delete content type	5	delete_contenttype
20	Can view content type	5	view_contenttype
21	Can add session	6	add_session
22	Can change session	6	change_session
23	Can delete session	6	delete_session
24	Can view session	6	view_session
25	Can add assembly step	8	add_assemblystep
26	Can change assembly step	8	change_assemblystep
27	Can delete assembly step	8	delete_assemblystep
28	Can view assembly step	8	view_assemblystep
29	Can add product variant	9	add_productvariant
30	Can change product variant	9	change_productvariant
31	Can delete product variant	9	delete_productvariant
32	Can view product variant	9	view_productvariant
33	Can add work station	7	add_workstation
34	Can change work station	7	change_workstation
35	Can delete work station	7	delete_workstation
36	Can view work station	7	view_workstation
37	Can add truck run	10	add_truckrun
38	Can change truck run	10	change_truckrun
39	Can delete truck run	10	delete_truckrun
40	Can view truck run	10	view_truckrun
41	Can add task log	11	add_tasklog
42	Can change task log	11	change_tasklog
43	Can delete task log	11	delete_tasklog
44	Can view task log	11	view_tasklog
45	Can add task category	12	add_taskcategory
46	Can change task category	12	change_taskcategory
47	Can delete task category	12	delete_taskcategory
48	Can view task category	12	view_taskcategory
49	Can add worker	13	add_worker
50	Can change worker	13	change_worker
51	Can delete worker	13	delete_worker
52	Can view worker	13	view_worker
\.


--
-- Data for Name: auth_user; Type: TABLE DATA; Schema: public; Owner: factory_admin
--

COPY public.auth_user (id, password, last_login, is_superuser, username, first_name, last_name, email, is_staff, is_active, date_joined) FROM stdin;
1	pbkdf2_sha256$720000$an3C6F2041LRP6pKJ3QMjx$rF/lTFafCZYqeQHRrL/d0QZ2QZWymH1CdqSA0cIVw7o=	2026-02-22 04:26:19.029748+00	t	admin				t	t	2026-02-14 09:25:32.850198+00
\.


--
-- Data for Name: auth_user_groups; Type: TABLE DATA; Schema: public; Owner: factory_admin
--

COPY public.auth_user_groups (id, user_id, group_id) FROM stdin;
\.


--
-- Data for Name: auth_user_user_permissions; Type: TABLE DATA; Schema: public; Owner: factory_admin
--

COPY public.auth_user_user_permissions (id, user_id, permission_id) FROM stdin;
\.


--
-- Data for Name: core_assemblystep; Type: TABLE DATA; Schema: public; Owner: factory_admin
--

COPY public.core_assemblystep (id, step_number, description, tooling, torque, product_id, workstation_id, standard_duration_seconds, category_id) FROM stdin;
51	1	Установить баллон на приспособление, закрепить и вывернуть технологические заглушки.			4	11	3600	14
30	1	Набить порядковый номер трактора на лонжероне.	Маркиратор		4	8	1200	10
32	3	Установка: Полурама			4	8	1200	10
33	4	Установка: Ось качания			4	8	1200	10
34	5	Ввернуть масленки в поворотные кулаки оси передней.			4	8	1200	10
35	6	Установка: Шплинт 4х36.019 ГОСТ 397-79	Плоскогубцы		4	8	1200	10
36	7	Установить кронштейны кабины на муфту сцепления болтами с шайбами.			4	8	600	11
37	8	Установка: Кронштейн			4	8	600	11
38	9	Установка: Болт			4	8	600	11
39	1	Установить корпус гидросистемы на подставку, Предварительно сняв крышку технологическую.			4	9	3000	12
41	3	Смазать герметиком место под установку корпуса гидросистемы на муфте сцепления	Кисть Ванночка		4	9	3000	12
42	4	Установка: Пластина			4	9	3000	12
43	5	Установить подсобранный корпус гидросистемы и закрепить болтами с пластинами.	Ключ S-19 Молоток Зубило	90…100 Nm	4	9	3000	12
44	6	Установка: Болт М14х1,5-6gх45.88.35.019 ГОСТ 7796-70			4	9	3000	12
45	1	Надеть на шланг хомуты. Вставить маслопроводы. Установить хомуты на патрубки.			4	10	1800	13
46	2	Установка: Маслопровод Ф80-3407720			4	10	1800	13
47	3	Установка: Маслопровод 70-4802040			4	10	1800	13
48	4	Установка: Хомут с червячной резьбой 12-22	Ключ гаечный S=7	3…3,5 Nm	4	10	1800	13
49	5	Установка: Болт Д18-051	Гайковерт S19 Динамоключ	60…80 Nm	4	10	1800	13
50	6	Установка: Шайба РМ 14			4	10	1800	13
52	2	Навернуть контргайку на регулятор. Смазать герметиком. Завернуть регулятор в баллон.	Ключ гаечный S27×30		4	11	3600	14
53	3	Установка: Контргайка			4	11	3600	14
54	4	Завернуть угольник в регулятор	Ключ гаечный S22		4	11	3600	14
55	5	Надеть на клапан прокладку. Завернуть клапан в баллон.	Ключ гаечный S27	60..70 Нм	4	11	3600	14
56	6	Установка: Прокладка			4	11	3600	14
57	1	Вывернуть из корпуса маслобака пробку и установить фильтр			4	12	3000	15
58	2	Установить на кронштейн блок предохранителей и закрепить его винтами.			4	12	3000	16
59	3	Установка: Провод 80-3724385 ГОСТ 23544-84			4	12	3000	16
60	90	Balondi yech			4	8	600	17
40	2	Вывернуть болты с корпуса снизу слева и установить кронштейн	Гайковерт Головка S12	20..25Nm	4	9	60	12
31	2	Установить ось переднюю на тележку. Установить полураму на мост передний.	Захват 7808-5025 Тележка		4	8	60	10
\.


--
-- Data for Name: core_productvariant; Type: TABLE DATA; Schema: public; Owner: factory_admin
--

COPY public.core_productvariant (id, name, code, image) FROM stdin;
4	Беларус 80.1М	80.1M	trucks/80.1.jpg
2	Belarus 1822.3	1822.3	trucks/photo_5247011415401370550_y_MJrykk8.jpg
1	Belarus 821	821	trucks/821.jpg
\.


--
-- Data for Name: core_taskcategory; Type: TABLE DATA; Schema: public; Owner: factory_admin
--

COPY public.core_taskcategory (id, name, ordering) FROM stdin;
10	1.1 Установка и сборка полурамы с осью передней	1
11	1.10 Установка кронштейнов кабины	2
12	2.1 Установка корпуса гидросистемы	1
13	3.1 Подсборка арматуры блокировки	1
14	4.1 Подсборка и установка баллона пневмопривода	1
15	5.1 Фильтра маслобака	1
16	5.2 Установка электрооборудования двигателя	2
17	6.1 Ruchka	10
\.


--
-- Data for Name: core_tasklog; Type: TABLE DATA; Schema: public; Owner: factory_admin
--

COPY public.core_tasklog (id, start_time, end_time, was_intervened, assembly_step_id, truck_run_id, status_color, operator_id) FROM stdin;
200	2026-02-21 03:10:43.537721+00	2026-02-21 03:10:43.649463+00	f	34	96	GREEN	17
201	2026-02-21 03:10:43.665078+00	2026-02-21 03:10:43.781147+00	f	35	96	GREEN	17
202	2026-02-21 03:10:43.793805+00	2026-02-21 03:10:43.924246+00	f	36	96	GREEN	17
203	2026-02-21 03:10:43.941857+00	2026-02-21 03:10:44.012942+00	f	37	96	GREEN	17
168	2026-02-20 18:39:52.189432+00	2026-02-20 18:39:52.801974+00	f	39	86	GREEN	\N
169	2026-02-20 18:39:52.815345+00	2026-02-20 18:40:17.354513+00	f	40	86	GREEN	\N
170	2026-02-20 18:40:17.374364+00	2026-02-20 18:40:20.450022+00	f	41	86	GREEN	\N
171	2026-02-20 18:40:20.464926+00	2026-02-20 18:40:22.677249+00	f	42	86	GREEN	\N
172	2026-02-20 18:40:22.690425+00	\N	f	43	86	\N	\N
173	2026-02-20 18:40:51.991305+00	2026-02-20 18:40:52.566148+00	f	45	87	GREEN	\N
174	2026-02-20 18:40:52.605066+00	2026-02-20 18:40:52.788791+00	f	46	87	GREEN	\N
175	2026-02-20 18:40:52.826563+00	2026-02-20 18:40:53.54121+00	f	47	87	GREEN	\N
176	2026-02-20 18:40:53.558893+00	2026-02-20 18:41:08.755773+00	f	48	87	GREEN	\N
177	2026-02-20 18:41:08.769753+00	2026-02-20 18:41:10.575599+00	f	49	87	GREEN	\N
178	2026-02-20 18:41:10.594802+00	2026-02-20 18:41:11.054047+00	f	50	87	GREEN	\N
179	2026-02-20 18:41:23.064033+00	2026-02-20 18:41:24.620292+00	f	57	88	GREEN	\N
180	2026-02-20 18:41:24.663439+00	\N	f	58	88	\N	\N
159	2026-02-20 18:38:52.005405+00	2026-02-20 18:38:55.365729+00	f	30	85	GREEN	\N
160	2026-02-20 18:38:55.382798+00	2026-02-20 18:38:57.886785+00	f	31	85	GREEN	\N
161	2026-02-20 18:38:57.905599+00	2026-02-20 18:39:00.18511+00	f	32	85	GREEN	\N
162	2026-02-20 18:39:00.1992+00	2026-02-20 18:39:11.552187+00	f	33	85	GREEN	\N
163	2026-02-20 18:39:11.596863+00	2026-02-20 18:39:11.764368+00	f	34	85	GREEN	\N
164	2026-02-20 18:39:11.777889+00	2026-02-20 18:39:11.921653+00	f	35	85	GREEN	\N
165	2026-02-20 18:39:11.938738+00	2026-02-20 18:39:12.087707+00	f	36	85	GREEN	\N
166	2026-02-20 18:39:12.100864+00	2026-02-20 18:39:12.25928+00	f	37	85	GREEN	\N
167	2026-02-20 18:39:12.27501+00	\N	f	38	85	\N	\N
181	2026-02-20 19:18:20.993489+00	2026-02-20 19:18:23.257585+00	f	45	90	GREEN	30
182	2026-02-20 19:18:23.281152+00	2026-02-20 19:18:24.352514+00	f	46	90	GREEN	30
183	2026-02-20 19:18:24.372986+00	2026-02-20 19:18:32.177726+00	f	47	90	GREEN	30
184	2026-02-20 19:18:32.196467+00	2026-02-20 19:18:32.968309+00	f	48	90	GREEN	30
185	2026-02-20 19:18:32.986125+00	\N	f	49	90	\N	30
186	2026-02-20 19:19:02.119375+00	2026-02-20 19:19:03.035801+00	f	57	92	GREEN	37
187	2026-02-20 19:19:03.055178+00	2026-02-20 19:19:05.244727+00	f	58	92	GREEN	37
188	2026-02-20 19:19:05.262142+00	\N	f	59	92	\N	37
189	2026-02-20 19:19:42.626185+00	\N	f	45	91	\N	29
190	2026-02-21 03:01:51.826761+00	2026-02-21 03:01:55.615799+00	f	30	93	GREEN	17
191	2026-02-21 03:01:55.63226+00	\N	f	31	93	\N	17
192	2026-02-21 03:03:31.613267+00	2026-02-21 03:04:17.820363+00	f	30	94	GREEN	17
193	2026-02-21 03:04:17.840281+00	2026-02-21 03:04:22.625384+00	f	31	94	GREEN	17
194	2026-02-21 03:04:22.643541+00	\N	f	32	94	\N	17
195	2026-02-21 03:07:14.159321+00	\N	f	30	95	\N	17
196	2026-02-21 03:10:26.192885+00	2026-02-21 03:10:43.076224+00	f	30	96	GREEN	17
197	2026-02-21 03:10:43.097304+00	2026-02-21 03:10:43.181678+00	f	31	96	GREEN	17
198	2026-02-21 03:10:43.192156+00	2026-02-21 03:10:43.356971+00	f	32	96	GREEN	17
199	2026-02-21 03:10:43.374692+00	2026-02-21 03:10:43.51574+00	f	33	96	GREEN	17
204	2026-02-21 03:10:44.026756+00	2026-02-21 03:10:44.180042+00	f	38	96	GREEN	17
205	2026-02-21 03:10:48.603911+00	2026-02-21 03:17:02.219545+00	f	30	97	GREEN	17
206	2026-02-21 03:17:02.240041+00	2026-02-21 03:17:04.383011+00	f	31	97	GREEN	17
207	2026-02-21 03:17:04.403144+00	2026-02-21 03:17:05.608294+00	f	32	97	GREEN	17
208	2026-02-21 03:17:05.625852+00	2026-02-21 03:17:06.321804+00	f	33	97	GREEN	17
209	2026-02-21 03:17:06.341755+00	2026-02-21 03:17:06.416248+00	f	34	97	GREEN	17
210	2026-02-21 03:17:06.425593+00	2026-02-21 03:17:06.612042+00	f	35	97	GREEN	17
211	2026-02-21 03:17:06.628442+00	2026-02-21 03:17:06.778146+00	f	36	97	GREEN	17
212	2026-02-21 03:17:06.790807+00	2026-02-21 03:17:06.949021+00	f	37	97	GREEN	17
213	2026-02-21 03:17:06.968077+00	2026-02-21 03:17:07.09473+00	f	38	97	GREEN	17
214	2026-02-21 03:17:18.178223+00	2026-02-21 03:18:02.947644+00	f	30	98	GREEN	17
215	2026-02-21 03:18:02.966651+00	2026-02-21 03:18:03.513374+00	f	31	98	GREEN	17
216	2026-02-21 03:18:03.528684+00	2026-02-21 03:18:03.694118+00	f	32	98	GREEN	17
217	2026-02-21 03:18:03.703662+00	2026-02-21 03:18:03.836962+00	f	33	98	GREEN	17
218	2026-02-21 03:18:03.845392+00	2026-02-21 03:18:03.99259+00	f	34	98	GREEN	17
219	2026-02-21 03:18:04.000574+00	2026-02-21 03:18:04.148016+00	f	35	98	GREEN	17
220	2026-02-21 03:18:04.157526+00	2026-02-21 03:18:04.31953+00	f	36	98	GREEN	17
221	2026-02-21 03:18:04.339761+00	2026-02-21 03:18:04.47299+00	f	37	98	GREEN	17
222	2026-02-21 03:18:04.489383+00	2026-02-21 03:18:06.876834+00	f	38	98	GREEN	17
223	2026-02-21 03:18:19.587793+00	2026-02-21 03:18:33.598112+00	f	30	99	GREEN	17
224	2026-02-21 03:18:33.606202+00	2026-02-21 03:18:52.394518+00	f	31	99	GREEN	17
225	2026-02-21 03:18:52.412013+00	2026-02-21 03:18:52.552922+00	f	32	99	GREEN	17
226	2026-02-21 03:18:52.570223+00	2026-02-21 03:18:52.704398+00	f	33	99	GREEN	17
227	2026-02-21 03:18:52.719002+00	2026-02-21 03:18:52.837195+00	f	34	99	GREEN	17
228	2026-02-21 03:18:52.853498+00	2026-02-21 03:18:52.977534+00	f	35	99	GREEN	17
229	2026-02-21 03:18:52.995475+00	2026-02-21 03:18:53.139764+00	f	36	99	GREEN	17
230	2026-02-21 03:18:53.160533+00	2026-02-21 03:18:53.277456+00	f	37	99	GREEN	17
231	2026-02-21 03:18:53.300819+00	2026-02-21 03:18:54.05648+00	f	38	99	GREEN	17
232	2026-02-21 03:19:09.975139+00	2026-02-21 03:19:10.846125+00	f	30	100	GREEN	17
233	2026-02-21 03:19:10.85592+00	2026-02-21 03:19:10.991893+00	f	31	100	GREEN	17
234	2026-02-21 03:19:11.002326+00	2026-02-21 03:19:11.247233+00	f	32	100	GREEN	17
235	2026-02-21 03:19:11.26997+00	2026-02-21 03:19:23.984904+00	f	33	100	GREEN	17
236	2026-02-21 03:19:24.006733+00	2026-02-21 03:19:24.314173+00	f	34	100	GREEN	17
237	2026-02-21 03:19:24.32563+00	2026-02-21 03:19:24.59085+00	f	35	100	GREEN	17
238	2026-02-21 03:19:24.600031+00	2026-02-21 03:19:26.302824+00	f	36	100	GREEN	17
239	2026-02-21 03:19:26.324094+00	2026-02-21 03:29:20.8425+00	f	37	100	\N	17
240	2026-02-21 03:29:20.850927+00	2026-02-21 03:29:22.935197+00	f	36	100	GREEN	17
241	2026-02-21 03:29:22.949729+00	2026-02-21 03:29:23.883244+00	f	37	100	GREEN	17
242	2026-02-21 03:29:23.899223+00	2026-02-21 03:29:50.639705+00	f	38	100	GREEN	17
243	2026-02-21 03:31:58.77982+00	2026-02-21 03:32:02.428052+00	f	30	101	GREEN	17
244	2026-02-21 03:32:02.447983+00	2026-02-21 03:32:03.616941+00	f	31	101	GREEN	17
245	2026-02-21 03:32:03.635535+00	2026-02-21 03:32:03.724967+00	f	32	101	GREEN	17
246	2026-02-21 03:32:03.733513+00	2026-02-21 03:32:03.90662+00	f	33	101	GREEN	17
247	2026-02-21 03:32:03.915987+00	2026-02-21 03:32:04.089003+00	f	34	101	GREEN	17
248	2026-02-21 03:32:04.099236+00	2026-02-21 03:32:04.433064+00	f	35	101	GREEN	17
249	2026-02-21 03:32:04.448173+00	2026-02-21 03:40:25.786777+00	f	36	101	GREEN	17
250	2026-02-21 03:40:25.797514+00	2026-02-21 03:40:27.781461+00	f	37	101	GREEN	17
251	2026-02-21 03:40:27.792412+00	2026-02-21 03:40:28.26574+00	f	38	101	GREEN	17
252	2026-02-21 03:40:34.602942+00	2026-02-21 03:51:51.774508+00	f	30	102	GREEN	17
253	2026-02-21 03:51:51.787325+00	2026-02-21 03:51:53.236563+00	f	31	102	GREEN	17
254	2026-02-21 03:51:53.242251+00	2026-02-21 03:51:54.00807+00	f	32	102	GREEN	17
255	2026-02-21 03:51:54.019181+00	2026-02-21 03:51:55.431143+00	f	33	102	GREEN	17
256	2026-02-21 03:51:55.444715+00	2026-02-21 03:51:55.631642+00	f	34	102	GREEN	17
257	2026-02-21 03:51:55.638353+00	2026-02-21 03:51:55.792578+00	f	35	102	GREEN	17
258	2026-02-21 03:51:55.79918+00	2026-02-21 03:51:55.946839+00	f	36	102	GREEN	17
259	2026-02-21 03:51:55.953981+00	2026-02-21 03:51:56.111896+00	f	37	102	GREEN	17
260	2026-02-21 03:51:56.117964+00	2026-02-21 03:51:56.725641+00	f	38	102	GREEN	17
261	2026-02-21 03:52:02.541997+00	2026-02-21 03:52:03.284462+00	f	30	103	GREEN	17
262	2026-02-21 03:52:03.297756+00	2026-02-21 03:52:03.487939+00	f	31	103	GREEN	17
263	2026-02-21 03:52:03.494419+00	2026-02-21 03:52:03.659028+00	f	32	103	GREEN	17
264	2026-02-21 03:52:03.66506+00	2026-02-21 03:52:03.840721+00	f	33	103	GREEN	17
265	2026-02-21 03:52:03.848059+00	2026-02-21 03:52:04.01896+00	f	34	103	GREEN	17
266	2026-02-21 03:52:04.025001+00	2026-02-21 03:52:04.213389+00	f	35	103	GREEN	17
267	2026-02-21 03:52:04.21829+00	2026-02-21 03:52:06.051567+00	f	36	103	GREEN	17
268	2026-02-21 03:52:06.058212+00	2026-02-21 04:03:12.430183+00	f	37	103	YELLOW	17
269	2026-02-21 04:03:12.442941+00	2026-02-21 04:14:17.449718+00	f	38	103	YELLOW	17
270	2026-02-21 04:14:26.722689+00	2026-02-21 04:14:34.239078+00	f	30	104	GREEN	17
271	2026-02-21 04:14:34.250388+00	2026-02-21 04:15:32.500651+00	f	31	104	GREEN	17
272	2026-02-21 04:15:32.508175+00	2026-02-21 04:15:33.043931+00	f	32	104	GREEN	17
273	2026-02-21 04:15:33.050212+00	2026-02-21 04:15:33.469181+00	f	33	104	GREEN	17
274	2026-02-21 04:15:33.479695+00	2026-02-21 04:15:34.251325+00	f	34	104	GREEN	17
275	2026-02-21 04:15:34.257992+00	2026-02-21 04:15:34.645271+00	f	35	104	GREEN	17
276	2026-02-21 04:15:34.655863+00	2026-02-21 04:15:34.873258+00	f	36	104	GREEN	17
277	2026-02-21 04:15:34.879069+00	2026-02-21 04:15:35.378929+00	f	37	104	GREEN	17
278	2026-02-21 04:15:35.385081+00	2026-02-21 04:15:35.763983+00	f	38	104	GREEN	17
279	2026-02-21 04:15:45.13458+00	2026-02-21 04:15:46.422139+00	f	30	105	GREEN	17
280	2026-02-21 04:15:46.428767+00	2026-02-21 04:15:47.425017+00	f	31	105	GREEN	17
281	2026-02-21 04:15:47.435394+00	2026-02-21 04:15:47.855253+00	f	32	105	GREEN	17
282	2026-02-21 04:15:47.860574+00	2026-02-21 04:15:48.094871+00	f	33	105	GREEN	17
283	2026-02-21 04:15:48.101869+00	2026-02-21 04:15:48.875448+00	f	34	105	GREEN	17
284	2026-02-21 04:15:48.880945+00	2026-02-21 04:15:49.130631+00	f	35	105	GREEN	17
285	2026-02-21 04:15:49.136584+00	2026-02-21 04:15:49.355097+00	f	36	105	GREEN	17
286	2026-02-21 04:15:49.361221+00	2026-02-21 04:15:49.596984+00	f	37	105	GREEN	17
287	2026-02-21 04:15:49.603484+00	2026-02-21 04:15:50.196317+00	f	38	105	GREEN	17
288	2026-02-21 04:20:27.902344+00	2026-02-21 04:20:29.618937+00	f	30	106	GREEN	17
289	2026-02-21 04:20:29.626436+00	2026-02-21 04:20:29.86952+00	f	31	106	GREEN	17
290	2026-02-21 04:20:29.877893+00	2026-02-21 04:20:30.047469+00	f	32	106	GREEN	17
291	2026-02-21 04:20:30.054127+00	2026-02-21 04:20:30.217927+00	f	33	106	GREEN	17
292	2026-02-21 04:20:30.224808+00	2026-02-21 04:20:30.382873+00	f	34	106	GREEN	17
293	2026-02-21 04:20:30.389125+00	2026-02-21 04:20:30.539399+00	f	35	106	GREEN	17
294	2026-02-21 04:20:30.546266+00	2026-02-21 04:20:30.694445+00	f	36	106	GREEN	17
295	2026-02-21 04:20:30.70156+00	2026-02-21 04:20:30.852394+00	f	37	106	GREEN	17
296	2026-02-21 04:20:30.85865+00	2026-02-21 04:20:31.758861+00	f	38	106	GREEN	17
297	2026-02-21 04:20:35.320411+00	2026-02-21 04:20:35.471599+00	f	30	107	GREEN	17
298	2026-02-21 04:20:35.478294+00	2026-02-21 04:20:35.636132+00	f	31	107	GREEN	17
299	2026-02-21 04:20:35.642168+00	2026-02-21 04:20:35.895774+00	f	32	107	GREEN	17
300	2026-02-21 04:20:35.90202+00	2026-02-21 04:20:36.055187+00	f	33	107	GREEN	17
301	2026-02-21 04:20:36.06189+00	2026-02-21 04:20:36.221587+00	f	34	107	GREEN	17
302	2026-02-21 04:20:36.228963+00	2026-02-21 04:20:36.382246+00	f	35	107	GREEN	17
303	2026-02-21 04:20:36.388263+00	2026-02-21 04:20:36.5455+00	f	36	107	GREEN	17
304	2026-02-21 04:20:36.55195+00	\N	f	37	107	\N	17
305	2026-02-21 06:37:40.874213+00	2026-02-21 06:40:36.017961+00	f	57	108	GREEN	36
307	2026-02-21 06:40:36.030185+00	2026-02-21 06:40:36.183383+00	f	58	108	GREEN	38
308	2026-02-21 06:40:36.190062+00	2026-02-21 06:40:36.332467+00	f	59	108	GREEN	38
309	2026-02-21 06:40:50.791159+00	\N	f	51	110	\N	32
310	2026-02-21 06:41:06.611363+00	2026-02-21 06:56:58.670935+00	f	57	111	GREEN	36
313	2026-02-21 06:56:58.68287+00	2026-02-21 06:56:58.839803+00	f	58	111	GREEN	36
314	2026-02-21 06:56:58.846485+00	2026-02-21 06:56:58.979465+00	f	59	111	GREEN	36
315	2026-02-21 06:57:34.638208+00	2026-02-21 06:57:43.169731+00	f	57	114	GREEN	36
316	2026-02-21 06:57:43.175408+00	2026-02-21 06:58:06.39882+00	f	58	114	GREEN	36
306	2026-02-21 06:40:17.173592+00	2026-02-21 06:58:32.932232+00	f	45	109	GREEN	29
311	2026-02-21 06:42:25.628781+00	2026-02-21 06:58:51.931234+00	f	39	112	GREEN	23
312	2026-02-21 06:42:58.739586+00	2026-02-21 06:59:06.980385+00	f	30	113	GREEN	17
317	2026-02-21 06:58:06.410454+00	2026-02-21 07:27:56.918059+00	f	59	114	GREEN	36
318	2026-02-21 06:58:32.939963+00	2026-02-21 06:58:34.599638+00	f	46	109	GREEN	29
319	2026-02-21 06:58:34.610216+00	2026-02-21 06:58:35.681406+00	f	47	109	GREEN	29
320	2026-02-21 06:58:35.687933+00	2026-02-21 06:58:36.987179+00	f	48	109	GREEN	29
321	2026-02-21 06:58:36.992372+00	\N	f	49	109	\N	29
322	2026-02-21 06:58:51.941369+00	2026-02-21 06:58:52.421915+00	f	40	112	GREEN	23
323	2026-02-21 06:58:52.428033+00	2026-02-21 06:58:52.843316+00	f	41	112	GREEN	23
325	2026-02-21 06:59:06.991708+00	2026-02-21 06:59:07.521223+00	f	31	113	GREEN	17
326	2026-02-21 06:59:07.528353+00	2026-02-21 06:59:07.779572+00	f	32	113	GREEN	17
327	2026-02-21 06:59:07.786071+00	2026-02-21 06:59:07.94696+00	f	33	113	GREEN	17
328	2026-02-21 06:59:07.953998+00	\N	f	34	113	\N	17
329	2026-02-21 07:28:20.397805+00	2026-02-21 07:28:55.512462+00	f	57	115	GREEN	36
330	2026-02-21 07:28:55.693307+00	2026-02-21 07:28:55.989036+00	f	58	115	GREEN	36
331	2026-02-21 07:28:56.13622+00	2026-02-21 07:28:56.403222+00	f	59	115	GREEN	36
332	2026-02-21 07:29:12.175066+00	2026-02-21 07:29:12.956864+00	f	57	116	GREEN	36
333	2026-02-21 07:29:12.970581+00	2026-02-21 07:29:44.054413+00	f	58	116	GREEN	36
334	2026-02-21 07:29:44.062701+00	2026-02-21 07:32:14.207815+00	f	59	116	GREEN	37
335	2026-02-21 07:32:23.542735+00	\N	f	57	117	\N	36
336	2026-02-21 07:54:16.80466+00	2026-02-21 07:54:17.643432+00	f	57	119	GREEN	36
337	2026-02-21 07:54:17.655229+00	\N	f	58	119	\N	36
324	2026-02-21 06:58:52.850904+00	2026-02-21 07:56:30.661686+00	f	42	112	YELLOW	23
338	2026-02-21 07:56:30.670592+00	2026-02-21 07:56:30.8013+00	f	43	112	GREEN	23
339	2026-02-21 07:56:30.807449+00	2026-02-21 07:56:30.941896+00	f	44	112	GREEN	23
340	2026-02-21 09:03:26.302961+00	2026-02-21 09:03:32.842706+00	f	57	121	GREEN	36
341	2026-02-21 09:03:32.848519+00	\N	f	58	121	\N	36
342	2026-02-21 09:20:48.723102+00	2026-02-21 09:20:49.134204+00	f	57	122	GREEN	36
343	2026-02-21 09:20:49.145148+00	2026-02-21 09:39:46.454542+00	f	58	122	GREEN	36
344	2026-02-21 09:39:46.465187+00	\N	f	59	122	\N	36
345	2026-02-21 10:10:08.576474+00	2026-02-21 10:17:49.581569+00	f	39	124	GREEN	23
346	2026-02-21 10:17:49.591424+00	2026-02-21 10:17:50.108584+00	f	40	124	GREEN	23
347	2026-02-21 10:17:50.114933+00	2026-02-21 10:17:50.567758+00	f	41	124	GREEN	23
348	2026-02-21 10:17:50.573607+00	2026-02-21 10:17:51.088067+00	f	42	124	GREEN	23
349	2026-02-21 10:17:51.095612+00	2026-02-21 10:17:51.674616+00	f	43	124	GREEN	23
350	2026-02-21 10:17:51.67901+00	2026-02-21 10:17:52.32962+00	f	44	124	GREEN	23
351	2026-02-21 10:20:39.65433+00	2026-02-21 10:23:43.571979+00	f	39	126	GREEN	23
352	2026-02-21 10:23:43.577648+00	2026-02-21 10:26:17.17528+00	f	40	126	RED	23
353	2026-02-21 10:26:17.180096+00	\N	f	41	126	\N	23
354	2026-02-21 10:26:51.908422+00	2026-02-21 10:26:58.32918+00	f	39	129	GREEN	23
355	2026-02-21 10:26:58.335839+00	2026-02-21 10:27:54.262794+00	f	40	129	GREEN	23
356	2026-02-21 10:27:54.270253+00	2026-02-21 10:28:24.148231+00	f	41	129	\N	24
357	2026-02-21 10:28:24.149912+00	2026-02-21 10:28:26.123138+00	f	39	129	GREEN	24
358	2026-02-21 10:28:26.133232+00	2026-02-21 10:33:41.38537+00	f	40	129	RED	24
360	2026-02-21 10:56:02.527307+00	2026-02-21 10:56:10.738918+00	f	57	135	GREEN	36
361	2026-02-21 10:56:10.74691+00	2026-02-21 10:56:39.977489+00	f	58	135	GREEN	36
362	2026-02-21 10:56:39.984267+00	\N	f	59	135	\N	36
359	2026-02-21 10:33:41.391861+00	2026-02-21 11:00:22.109799+00	f	41	129	GREEN	24
363	2026-02-21 11:00:22.116101+00	2026-02-21 11:00:43.046014+00	f	42	129	\N	24
364	2026-02-21 11:00:43.053219+00	2026-02-21 11:00:43.889787+00	f	40	129	GREEN	24
365	2026-02-21 11:00:43.896415+00	2026-02-21 11:00:45.087299+00	f	41	129	\N	24
366	2026-02-21 11:00:45.089589+00	\N	f	40	129	\N	24
367	2026-02-21 15:03:30.241632+00	2026-02-21 15:04:31.900885+00	f	57	139	GREEN	36
368	2026-02-21 15:04:31.915581+00	2026-02-21 15:07:59.575086+00	f	58	139	GREEN	36
369	2026-02-21 15:07:59.586983+00	2026-02-21 15:08:00.307802+00	f	59	139	GREEN	36
370	2026-02-21 15:08:07.554237+00	2026-02-21 15:09:05.096169+00	f	57	140	GREEN	36
371	2026-02-21 15:09:05.10856+00	2026-02-21 15:09:54.180142+00	f	58	140	GREEN	36
372	2026-02-21 15:09:54.203797+00	2026-02-21 15:10:15.402741+00	f	59	140	GREEN	36
373	2026-02-21 15:10:19.794135+00	2026-02-21 15:10:20.626586+00	f	57	141	GREEN	36
375	2026-02-21 15:12:40.217244+00	2026-02-21 15:12:40.759739+00	f	30	142	GREEN	17
376	2026-02-21 15:12:40.77684+00	\N	f	31	142	\N	17
377	2026-02-21 15:15:58.527298+00	2026-02-21 15:15:59.241943+00	f	39	143	GREEN	23
378	2026-02-21 15:15:59.265254+00	2026-02-21 15:18:40.585266+00	f	40	143	RED	23
379	2026-02-21 15:18:40.604079+00	2026-02-21 15:20:10.827661+00	f	41	143	\N	23
380	2026-02-21 15:20:10.835736+00	2026-02-21 15:20:11.25835+00	f	40	143	GREEN	23
381	2026-02-21 15:20:11.300198+00	2026-02-21 15:20:12.434682+00	f	41	143	\N	23
382	2026-02-21 15:20:12.46813+00	2026-02-21 15:36:37.466802+00	f	40	143	RED	23
383	2026-02-21 15:36:37.488199+00	2026-02-21 15:37:09.17226+00	f	41	143	\N	23
384	2026-02-21 15:37:09.18261+00	2026-02-21 15:38:11.475359+00	f	40	143	\N	23
385	2026-02-21 15:38:11.481993+00	2026-02-21 15:38:23.648753+00	f	39	143	GREEN	23
386	2026-02-21 15:38:23.661663+00	\N	f	40	143	\N	25
387	2026-02-21 15:44:33.973645+00	\N	f	39	144	\N	23
388	2026-02-21 16:00:00.712424+00	2026-02-21 16:00:01.818469+00	f	39	145	GREEN	23
389	2026-02-21 16:00:01.837983+00	2026-02-21 16:01:42.584009+00	f	40	145	RED	23
390	2026-02-21 16:01:42.595892+00	\N	f	41	145	\N	23
391	2026-02-22 04:03:13.422237+00	2026-02-22 04:03:16.107844+00	f	30	146	GREEN	17
392	2026-02-22 04:03:16.116278+00	2026-02-22 04:03:16.316698+00	f	31	146	GREEN	17
393	2026-02-22 04:03:16.322916+00	2026-02-22 04:03:16.487693+00	f	32	146	GREEN	17
394	2026-02-22 04:03:16.493833+00	2026-02-22 04:03:16.681369+00	f	33	146	GREEN	17
395	2026-02-22 04:03:16.687662+00	2026-02-22 04:03:16.854822+00	f	34	146	GREEN	17
396	2026-02-22 04:03:16.860019+00	2026-02-22 04:03:17.159524+00	f	35	146	GREEN	17
397	2026-02-22 04:03:17.165765+00	2026-02-22 04:17:56.077189+00	f	36	146	RED	17
374	2026-02-21 15:10:20.648712+00	2026-02-22 04:21:12.961652+00	f	58	141	RED	36
399	2026-02-22 04:21:12.971726+00	2026-02-22 04:21:13.250049+00	f	59	141	GREEN	36
398	2026-02-22 04:17:56.083033+00	2026-02-22 04:24:45.868954+00	f	37	146	GREEN	17
400	2026-02-22 04:24:45.878803+00	2026-02-22 04:25:36.79573+00	f	38	146	GREEN	17
401	2026-02-22 04:25:36.801237+00	2026-02-22 04:26:47.024184+00	f	60	146	\N	21
402	2026-02-22 04:26:47.031056+00	2026-02-22 04:30:43.400585+00	f	31	146	RED	21
403	2026-02-22 04:30:43.411565+00	2026-02-22 04:30:43.968557+00	f	32	146	GREEN	21
404	2026-02-22 04:30:43.98197+00	2026-02-22 04:30:44.678044+00	f	33	146	GREEN	21
405	2026-02-22 04:30:44.68967+00	2026-02-22 04:30:44.838495+00	f	34	146	GREEN	21
406	2026-02-22 04:30:44.847768+00	2026-02-22 04:30:44.974539+00	f	35	146	GREEN	21
407	2026-02-22 04:30:44.985808+00	2026-02-22 04:30:45.139848+00	f	36	146	GREEN	21
408	2026-02-22 04:30:45.149965+00	2026-02-22 04:30:45.289296+00	f	37	146	GREEN	21
409	2026-02-22 04:30:45.30219+00	2026-02-22 04:30:45.458049+00	f	38	146	GREEN	21
410	2026-02-22 04:30:45.468976+00	2026-02-22 04:30:45.710651+00	f	60	146	GREEN	21
411	2026-02-22 04:31:32.333313+00	2026-02-22 04:31:43.101596+00	f	30	148	GREEN	20
412	2026-02-22 04:31:43.11545+00	2026-02-22 04:32:40.168872+00	f	31	148	GREEN	20
413	2026-02-22 04:32:40.180954+00	2026-02-22 04:59:05.724107+00	f	32	148	RED	20
414	2026-02-22 04:59:05.731357+00	\N	f	33	148	\N	20
\.


--
-- Data for Name: core_truckrun; Type: TABLE DATA; Schema: public; Owner: factory_admin
--

COPY public.core_truckrun (id, start_time, is_active, product_id, workstation_id, truck_serial_number) FROM stdin;
80	2026-02-20 18:38:20.615325+00	f	4	8	VIN-2026-001
81	2026-02-20 18:38:20.653032+00	f	4	9	VIN-2026-002
82	2026-02-20 18:38:20.684673+00	f	4	10	VIN-2026-003
84	2026-02-20 18:38:20.758873+00	f	4	12	VIN-2026-005
87	2026-02-20 18:40:50.048473+00	f	4	10	333
89	2026-02-20 18:48:07.611116+00	f	4	10	11
90	2026-02-20 19:18:15.182959+00	f	4	10	22
88	2026-02-20 18:41:20.829911+00	f	4	12	222
85	2026-02-20 18:38:50.12693+00	f	4	8	1
93	2026-02-21 03:01:48.790009+00	f	4	8	666
94	2026-02-21 03:02:54.63435+00	f	4	8	66633
95	2026-02-21 03:07:12.124541+00	f	4	8	98
96	2026-02-21 03:10:22.077787+00	f	4	8	44
97	2026-02-21 03:10:47.393849+00	f	4	8	777
98	2026-02-21 03:17:14.723854+00	f	4	8	222
99	2026-02-21 03:18:18.588362+00	f	4	8	33
100	2026-02-21 03:19:08.983321+00	f	4	8	33
101	2026-02-21 03:31:50.714614+00	f	4	8	233
102	2026-02-21 03:40:32.867976+00	f	4	8	888
103	2026-02-21 03:52:00.586763+00	f	4	8	444
104	2026-02-21 04:14:25.229231+00	f	4	8	666
105	2026-02-21 04:15:43.015753+00	f	4	8	545
106	2026-02-21 04:20:26.680548+00	f	4	8	444
92	2026-02-20 19:18:50.643728+00	f	4	12	222
91	2026-02-20 19:18:42.794766+00	f	4	10	211
83	2026-02-20 18:38:20.729097+00	f	4	11	VIN-2026-004
110	2026-02-21 06:40:45.173212+00	t	4	11	66
108	2026-02-21 06:37:35.211885+00	f	4	12	12
86	2026-02-20 18:39:51.059231+00	f	4	9	22
107	2026-02-21 04:20:34.596969+00	f	4	8	4343
111	2026-02-21 06:41:05.4068+00	f	4	12	22
114	2026-02-21 06:57:24.791809+00	f	4	12	776
115	2026-02-21 07:28:09.392099+00	f	4	12	76
116	2026-02-21 07:29:11.220903+00	f	4	12	77
117	2026-02-21 07:32:21.882701+00	f	4	12	787
118	2026-02-21 07:54:06.522789+00	f	1	12	88
112	2026-02-21 06:42:22.457623+00	f	4	9	88
119	2026-02-21 07:54:15.571885+00	f	4	12	7
121	2026-02-21 09:03:18.82925+00	f	4	12	88
120	2026-02-21 07:56:34.216694+00	f	1	9	UU
123	2026-02-21 10:09:58.860101+00	f	1	9	99
125	2026-02-21 10:17:09.258839+00	t	1	13	32
124	2026-02-21 10:10:07.118307+00	f	4	9	77
127	2026-02-21 10:23:45.364896+00	t	2	14	45
128	2026-02-21 10:25:40.499636+00	t	2	15	45
126	2026-02-21 10:20:37.938959+00	f	4	9	11
130	2026-02-21 10:29:45.45045+00	t	1	17	6543
131	2026-02-21 10:36:54.888154+00	t	2	16	14562
132	2026-02-21 10:38:43.611165+00	f	2	19	456633
133	2026-02-21 10:39:47.671863+00	t	2	19	1554
134	2026-02-21 10:51:45.659194+00	t	1	18	567
122	2026-02-21 09:20:47.30426+00	f	4	12	77
113	2026-02-21 06:42:55.755547+00	f	4	8	55
136	2026-02-21 10:56:47.748979+00	f	2	8	3647
109	2026-02-21 06:40:15.789995+00	f	4	10	33
138	2026-02-21 10:58:04.118785+00	t	2	10	45678
135	2026-02-21 10:55:59.013963+00	f	4	12	222
139	2026-02-21 15:03:29.338722+00	f	4	12	11
140	2026-02-21 15:08:05.527447+00	f	4	12	11
137	2026-02-21 10:56:54.582794+00	f	2	8	214
129	2026-02-21 10:26:47.18255+00	f	4	9	15
143	2026-02-21 15:15:57.623155+00	f	4	9	77
144	2026-02-21 15:44:32.385529+00	f	4	9	666
145	2026-02-21 15:59:58.859008+00	t	4	9	22
142	2026-02-21 15:12:39.110799+00	f	4	8	22
141	2026-02-21 15:10:18.762642+00	f	4	12	111
147	2026-02-22 04:21:18.453129+00	t	4	12	777
146	2026-02-22 04:03:12.177201+00	f	4	8	777
148	2026-02-22 04:31:14.853529+00	t	4	8	55
\.


--
-- Data for Name: core_worker; Type: TABLE DATA; Schema: public; Owner: factory_admin
--

COPY public.core_worker (id, name, badge_id, role, assigned_station_id) FROM stdin;
17	Меносманов С	BRIG_5C7B6D	BRIGADIR	8
18	Ахмаджанов Д	USTA_6E9BEA	USTA	8
19	Ахмаджанов Данёр	USTA_3A7727	USTA	8
20	Меносманов Срож	USTA_DC2D95	USTA	8
21	Раимжонов Ғулом	USTA_F7ED0A	USTA	8
22	Хайдаров Мурод	USTA_FB7391	USTA	8
23	Норжигитов Т	BRIG_119626	BRIGADIR	9
24	Тогонов Ф	BRIG_F75764	BRIGADIR	9
25	Норжигитов Т Сулойманов Ш	USTA_C766EC	USTA	9
26	Сулойманов Ш	USTA_AB08D9	USTA	9
27	Сулойманов Ш Хабибуллаев Х	USTA_402B69	USTA	9
28	Хабибуллаев Х	USTA_BDEA35	USTA	9
29	Рахманов Зохид	BRIG_F824F6	BRIGADIR	10
30	Саримсоқов Сардор	USTA_E76417	USTA	10
31	Тошмуродов Бахром	USTA_2BB648	USTA	10
32	Кўпайсинов Ш	BRIG_55B137	BRIGADIR	11
33	Кўпайсинов Ш Назимов А	USTA_4A748F	USTA	11
34	Назимов А	USTA_890D9E	USTA	11
35	Қундузалиев С	USTA_1A84E4	USTA	11
36	Хўжабаддинов Н	BRIG_0196B5	BRIGADIR	12
37	Бекназаров У	USTA_102547	USTA	12
38	Маликов Д	USTA_92DCBA	USTA	12
\.


--
-- Data for Name: core_workstation; Type: TABLE DATA; Schema: public; Owner: factory_admin
--

COPY public.core_workstation (id, name, slug, ip_address, is_active, reset_pin) FROM stdin;
8	Пост № 1	1	192.168.1.101	t	1234
9	Пост № 2	2	192.168.1.102	t	1234
10	Пост № 3	3	192.168.1.103	t	1234
11	Пост № 4	4	192.168.1.104	t	1234
12	Пост № 5	5	192.168.1.105	t	1234
13	Пост №6	1234	192.168.1.1	t	1234
14	Пост №7	1235	192.168.1.2	t	1234
15	Пост №8	1236	192.168.1.3	t	1234
16	Пост №9	1237	192.168.1.4	t	1234
17	Пост №10	1238	192.168.1.5	t	1234
18	Пост №11	1239	192.168.1.6	t	1234
19	Пост №12	12310	192.168.1.7	t	1234
\.


--
-- Data for Name: django_admin_log; Type: TABLE DATA; Schema: public; Owner: factory_admin
--

COPY public.django_admin_log (id, action_time, object_id, object_repr, action_flag, change_message, content_type_id, user_id) FROM stdin;
1	2026-02-14 09:34:34.022009+00	1	Post 1 (192.168.1.101)	1	[{"added": {}}]	7	1
2	2026-02-14 11:52:27.196039+00	1	Truck 1025	1	[{"added": {}}, {"added": {"name": "assembly step", "object": "[32423423423] Step 1 (300s)"}}]	9	1
3	2026-02-14 11:52:51.430321+00	1	Truck 1025	2	[{"added": {"name": "assembly step", "object": "[32423423423] Step 2 (300s)"}}, {"changed": {"name": "assembly step", "object": "[32423423423] Step 1 (300s)", "fields": ["Description"]}}]	9	1
4	2026-02-14 11:53:05.239129+00	1	Run: 32423423423 at Post 1 (11:53)	1	[{"added": {}}]	10	1
5	2026-02-14 11:53:54.640854+00	1	1 - USTA_1	1	[{"added": {}}]	11	1
6	2026-02-14 12:32:37.981377+00	2	Post 2 (192.168.1.102)	1	[{"added": {}}]	7	1
7	2026-02-14 12:32:51.996792+00	3	Post 3 (192.168.1.103)	1	[{"added": {}}]	7	1
8	2026-02-20 16:46:12.932541+00	2	Belarus 1025.2	2	[{"changed": {"fields": ["Image"]}}]	9	1
9	2026-02-20 16:46:38.217476+00	1	Truck 1025	2	[{"changed": {"fields": ["Image"]}}]	9	1
10	2026-02-20 17:10:35.081222+00	1	Post 1	2	[{"changed": {"fields": ["Ip address"]}}]	7	1
11	2026-02-20 17:12:22.374177+00	2	Post 2	2	[{"changed": {"fields": ["Ip address"]}}]	7	1
12	2026-02-20 17:31:55.748276+00	9	Run	1	[{"added": {}}]	12	1
13	2026-02-20 17:32:31.420287+00	26	Step 1: Run the ballon	1	[{"added": {}}]	8	1
14	2026-02-20 17:33:35.501504+00	27	Step 4: Bring water	1	[{"added": {}}]	8	1
15	2026-02-20 17:39:33.631081+00	28	Step 22: boshla	1	[{"added": {}}]	8	1
16	2026-02-20 17:39:52.322321+00	29	Step 222: tugat	1	[{"added": {}}]	8	1
17	2026-02-20 18:22:01.093343+00	4	Post 5	1	[{"added": {}}]	7	1
18	2026-02-20 18:22:14.099384+00	5	Post 4	1	[{"added": {}}]	7	1
19	2026-02-20 18:24:00.704265+00	3	Truck 80.1	1	[{"added": {}}]	9	1
20	2026-02-20 18:25:59.318194+00	74	TruckRun object (74)	3		10	1
21	2026-02-20 18:25:59.323458+00	73	TruckRun object (73)	3		10	1
22	2026-02-20 18:25:59.326752+00	72	TruckRun object (72)	3		10	1
23	2026-02-20 18:25:59.32936+00	71	TruckRun object (71)	3		10	1
24	2026-02-20 18:25:59.332717+00	70	TruckRun object (70)	3		10	1
25	2026-02-20 18:25:59.335609+00	69	TruckRun object (69)	3		10	1
26	2026-02-20 18:25:59.338442+00	68	TruckRun object (68)	3		10	1
27	2026-02-20 18:25:59.34147+00	67	TruckRun object (67)	3		10	1
28	2026-02-20 18:25:59.344589+00	66	TruckRun object (66)	3		10	1
29	2026-02-20 18:25:59.347678+00	63	TruckRun object (63)	3		10	1
30	2026-02-20 18:25:59.350404+00	61	TruckRun object (61)	3		10	1
31	2026-02-20 18:25:59.353813+00	60	TruckRun object (60)	3		10	1
32	2026-02-20 18:25:59.356784+00	59	TruckRun object (59)	3		10	1
33	2026-02-20 18:25:59.359837+00	58	TruckRun object (58)	3		10	1
34	2026-02-20 18:25:59.362162+00	57	TruckRun object (57)	3		10	1
35	2026-02-20 18:25:59.365491+00	56	TruckRun object (56)	3		10	1
36	2026-02-20 18:25:59.368853+00	55	TruckRun object (55)	3		10	1
37	2026-02-20 18:25:59.371521+00	53	TruckRun object (53)	3		10	1
38	2026-02-20 18:25:59.374582+00	52	TruckRun object (52)	3		10	1
39	2026-02-20 18:25:59.378618+00	51	TruckRun object (51)	3		10	1
40	2026-02-20 18:25:59.382119+00	49	TruckRun object (49)	3		10	1
41	2026-02-20 18:25:59.385286+00	47	TruckRun object (47)	3		10	1
42	2026-02-20 18:25:59.388963+00	46	TruckRun object (46)	3		10	1
43	2026-02-20 18:25:59.392978+00	45	TruckRun object (45)	3		10	1
44	2026-02-20 18:25:59.395794+00	44	TruckRun object (44)	3		10	1
45	2026-02-20 18:25:59.399347+00	11	TruckRun object (11)	3		10	1
46	2026-02-20 18:25:59.402892+00	10	TruckRun object (10)	3		10	1
47	2026-02-20 18:25:59.405864+00	9	TruckRun object (9)	3		10	1
48	2026-02-20 18:25:59.409445+00	7	TruckRun object (7)	3		10	1
49	2026-02-20 18:25:59.413037+00	6	TruckRun object (6)	3		10	1
50	2026-02-20 18:25:59.416218+00	5	TruckRun object (5)	3		10	1
51	2026-02-20 18:25:59.419506+00	4	TruckRun object (4)	3		10	1
52	2026-02-20 18:25:59.42345+00	3	TruckRun object (3)	3		10	1
53	2026-02-20 18:25:59.427723+00	2	TruckRun object (2)	3		10	1
54	2026-02-20 18:25:59.432078+00	1	TruckRun object (1)	3		10	1
55	2026-02-20 18:26:15.026063+00	26	Step 1: Run the ballon	3		8	1
56	2026-02-20 18:26:15.036338+00	18	Step 1: Маркировать номер трактора на правой пластине балласта и лонжероне	3		8	1
57	2026-02-20 18:26:15.04084+00	1	Step 1: Kitobni oqish	3		8	1
58	2026-02-20 18:26:15.043936+00	19	Step 2: Внести в карту сборки номера узлов и агрегатов	3		8	1
59	2026-02-20 18:26:15.04745+00	2	Step 2: Balonni qoshish	3		8	1
60	2026-02-20 18:26:15.051079+00	20	Step 3: Установить мост передний на тележку-подставку конвейера	3		8	1
61	2026-02-20 18:26:15.054553+00	27	Step 4: Bring water	3		8	1
62	2026-02-20 18:26:15.057142+00	21	Step 4: Установить полураму на подставки	3		8	1
63	2026-02-20 18:26:15.05967+00	22	Step 5: Закрепить передний мост болтами М16-6gx40	3		8	1
64	2026-02-20 18:26:15.062291+00	23	Step 6: Установить шайбы С 8.01.019	3		8	1
65	2026-02-20 18:26:15.064911+00	24	Step 7: Установить жгут 80-3724380-Г	3		8	1
66	2026-02-20 18:26:15.067848+00	25	Step 8: Закрепить клеммы на свечах накаливания	3		8	1
67	2026-02-20 18:26:15.070472+00	28	Step 22: boshla	3		8	1
68	2026-02-20 18:26:15.073206+00	29	Step 222: tugat	3		8	1
69	2026-02-20 18:26:27.347603+00	9	Run	3		12	1
70	2026-02-20 18:26:27.353084+00	6	1.1 Маркирование номера трактора	3		12	1
71	2026-02-20 18:26:27.355928+00	4	1.1 Marking & Documentation	3		12	1
72	2026-02-20 18:26:27.358506+00	1	1. Marking	3		12	1
73	2026-02-20 18:26:27.361273+00	7	2. Установка и сборка полурамы с передним мостом	3		12	1
74	2026-02-20 18:26:27.364206+00	2	2. Semi-frame & Front Axle	3		12	1
75	2026-02-20 18:26:27.367281+00	5	13. Electrical Harness (Glow Plugs)	3		12	1
76	2026-02-20 18:26:27.370028+00	3	3. Electrical & Harness	3		12	1
77	2026-02-20 18:26:27.372973+00	8	13. Монтаж жгута свечей накаливания	3		12	1
78	2026-02-20 18:35:35.891249+00	3	Truck 80.1	3		9	1
79	2026-02-20 18:35:43.551662+00	4	Беларус 80.1М	2	[{"changed": {"fields": ["Image"]}}]	9	1
80	2026-02-20 18:38:05.133613+00	5	Post 4	3		7	1
81	2026-02-20 18:38:05.14638+00	4	Post 5	3		7	1
82	2026-02-20 18:38:05.150562+00	3	Post 3	3		7	1
83	2026-02-20 18:38:05.154682+00	2	Post 2	3		7	1
84	2026-02-20 18:38:05.158328+00	1	Post 1	3		7	1
85	2026-02-20 18:50:05.577713+00	16	Маликов Д (USTA_5_1)	3		13	1
86	2026-02-20 18:50:05.619377+00	15	Хўжабаддинов Н (BRIG_5)	3		13	1
87	2026-02-20 18:50:05.624845+00	14	Қундузалиев С (USTA_4_2)	3		13	1
88	2026-02-20 18:50:05.630051+00	13	Назимов А (USTA_4_1)	3		13	1
89	2026-02-20 18:50:05.635472+00	12	Кўпайсинов Ш (BRIG_4)	3		13	1
90	2026-02-20 18:50:05.641003+00	11	Тошмуродов Бахром (USTA_3_1)	3		13	1
91	2026-02-20 18:50:05.64607+00	10	Рахманов Зохид (BRIG_3)	3		13	1
92	2026-02-20 18:50:05.651253+00	9	Тогонов Ф (USTA_2_2)	3		13	1
93	2026-02-20 18:50:05.655703+00	8	Сулойманов Ш (USTA_2_1)	3		13	1
94	2026-02-20 18:50:05.66085+00	7	Норжигитов Т (BRIG_2)	3		13	1
95	2026-02-20 18:50:05.665646+00	6	Раимжонов Ғулом (USTA_1_1)	3		13	1
96	2026-02-20 18:50:05.670043+00	5	Меносманов С (BRIG_1)	3		13	1
97	2026-02-20 18:50:05.674478+00	4	Меносманов С ()	3		13	1
98	2026-02-20 18:50:05.67954+00	3	Brigadir (BRIGADIR)	3		13	1
99	2026-02-20 18:50:05.683838+00	2	Usta 2 (USTA_2)	3		13	1
100	2026-02-20 18:50:05.687303+00	1	Usta 1 (USTA_1)	3		13	1
101	2026-02-21 07:35:16.657884+00	17	6.1 Ruchka	1	[{"added": {}}]	12	1
102	2026-02-21 07:36:47.871972+00	60	Step 90: Balondi yech	1	[{"added": {}}]	8	1
103	2026-02-21 09:55:18.554761+00	4	Беларус 80.1М	2	[{"changed": {"fields": ["Image"]}}]	9	1
104	2026-02-21 09:58:06.616075+00	4	Беларус 80.1М	2	[{"changed": {"fields": ["Image"]}}]	9	1
105	2026-02-21 09:59:00.100261+00	2	Belarus 1822.3	2	[{"changed": {"fields": ["Name", "Code", "Image"]}}]	9	1
106	2026-02-21 09:59:59.746914+00	1	Belarus 821	2	[{"changed": {"fields": ["Name", "Code", "Image"]}}]	9	1
107	2026-02-21 10:14:32.40179+00	13	Пост №6	1	[{"added": {}}]	7	1
108	2026-02-21 10:15:07.869453+00	14	Пост №7	1	[{"added": {}}]	7	1
109	2026-02-21 10:15:47.313651+00	15	Пост №8	1	[{"added": {}}]	7	1
110	2026-02-21 10:16:14.263852+00	16	Пост №9	1	[{"added": {}}]	7	1
111	2026-02-21 10:16:42.340743+00	17	Пост №10	1	[{"added": {}}]	7	1
112	2026-02-21 10:17:48.880308+00	18	Пост №11	1	[{"added": {}}]	7	1
113	2026-02-21 10:20:30.560919+00	40	Step 2: Вывернуть болты с корпуса снизу слева и установить кронштейн	2	[{"changed": {"fields": ["Standard duration seconds"]}}]	8	1
114	2026-02-21 10:21:44.629389+00	19	Пост №12	1	[{"added": {}}]	7	1
115	2026-02-22 04:26:42.04042+00	31	Step 2: Установить ось переднюю на тележку. Установить полураму на мост передний.	2	[{"changed": {"fields": ["Standard duration seconds"]}}]	8	1
\.


--
-- Data for Name: django_content_type; Type: TABLE DATA; Schema: public; Owner: factory_admin
--

COPY public.django_content_type (id, app_label, model) FROM stdin;
1	admin	logentry
2	auth	permission
3	auth	group
4	auth	user
5	contenttypes	contenttype
6	sessions	session
7	core	workstation
8	core	assemblystep
9	core	productvariant
10	core	truckrun
11	core	tasklog
12	core	taskcategory
13	core	worker
\.


--
-- Data for Name: django_migrations; Type: TABLE DATA; Schema: public; Owner: factory_admin
--

COPY public.django_migrations (id, app, name, applied) FROM stdin;
1	contenttypes	0001_initial	2026-02-14 09:20:56.76203+00
2	auth	0001_initial	2026-02-14 09:20:56.866642+00
3	admin	0001_initial	2026-02-14 09:20:56.906558+00
4	admin	0002_logentry_remove_auto_add	2026-02-14 09:20:56.914738+00
5	admin	0003_logentry_add_action_flag_choices	2026-02-14 09:20:56.923249+00
6	contenttypes	0002_remove_content_type_name	2026-02-14 09:20:56.942536+00
7	auth	0002_alter_permission_name_max_length	2026-02-14 09:20:56.950405+00
8	auth	0003_alter_user_email_max_length	2026-02-14 09:20:56.964264+00
9	auth	0004_alter_user_username_opts	2026-02-14 09:20:56.97214+00
10	auth	0005_alter_user_last_login_null	2026-02-14 09:20:56.989874+00
11	auth	0006_require_contenttypes_0002	2026-02-14 09:20:56.992641+00
12	auth	0007_alter_validators_add_error_messages	2026-02-14 09:20:57.001026+00
13	auth	0008_alter_user_username_max_length	2026-02-14 09:20:57.018584+00
14	auth	0009_alter_user_last_name_max_length	2026-02-14 09:20:57.026812+00
15	auth	0010_alter_group_name_max_length	2026-02-14 09:20:57.036236+00
16	auth	0011_update_proxy_permissions	2026-02-14 09:20:57.042843+00
17	auth	0012_alter_user_first_name_max_length	2026-02-14 09:20:57.050946+00
18	sessions	0001_initial	2026-02-14 09:20:57.071492+00
19	core	0001_initial	2026-02-14 09:34:22.76095+00
20	core	0002_alter_assemblystep_unique_together_and_more	2026-02-14 11:50:15.891342+00
21	core	0003_taskcategory_remove_assemblystep_image_and_more	2026-02-14 12:49:25.192572+00
22	core	0004_productvariant_image_truckrun_truck_serial_number	2026-02-17 13:44:38.099417+00
23	core	0005_alter_truckrun_truck_serial_number	2026-02-20 17:38:21.318409+00
\.


--
-- Data for Name: django_session; Type: TABLE DATA; Schema: public; Owner: factory_admin
--

COPY public.django_session (session_key, session_data, expire_date) FROM stdin;
6bjxpnefnpcvzvct15ccnrg8wsj3t5gd	.eJxVjMsOwiAQRf-FtSE8hk5x6b7fQAYGpWogKe3K-O_apAvd3nPOfYlA21rC1vMSZhZnocXpd4uUHrnugO9Ub02mVtdljnJX5EG7nBrn5-Vw_w4K9fKtlWaLgORYgbakICY9YsIrwejRJAeeQSXInqwzkSNbY_yAgwXSoFG8P8K7NtM:1vrBuM:h7kWzM1kaIiH8j5CMG31NeXFF0RtTGY6H3Qb9phuLMs	2026-02-28 09:25:46.907407+00
1boqvhgq2lmajmos1vufx3j32mmatu9l	eyJzZWxlY3RlZF9zdGF0aW9uX3NsdWciOiJwb3N0LTEifQ:1vtUEO:zWx0e1e3jXISuk-wwofKqxDPlDulZQ-kEfdtRs28gxU	2026-03-06 17:23:56.103009+00
oip95dylahjl1778u07ze2go3ay6pxh2	eyJzZWxlY3RlZF9zdGF0aW9uX3NsdWciOiJwb3N0LTIifQ:1vtUEi:VUzWDjTTxcSKDCDFvZptCTdE4yI1SnS6b1XCOdj_Hus	2026-03-06 17:24:16.47052+00
jfhv2t03bjottph31xt1lh2ezy1cq8bj	eyJzZWxlY3RlZF9zdGF0aW9uX3NsdWciOiIxIn0:1vtVOo:iX5MODx3isb6ObtSZUzI3t6WGFfLjIiKAtsIO5l-8UQ	2026-03-06 18:38:46.099717+00
ddvh4cdej4fb506nzoovygzsqx89qdse	eyJzZWxlY3RlZF9zdGF0aW9uX3NsdWciOiIyIn0:1vtVPn:RoWMt_cJ8d0zUo9oZjdsjo5ziVDOIvNsCBxP6M1IGDU	2026-03-06 18:39:47.742748+00
74yyls5zds0idqam3qtn6o66rbuchbty	eyJzZWxlY3RlZF9zdGF0aW9uX3NsdWciOiI1In0:1vtVRE:u77naNOTjLuRLCJXQygsi3d8oDX4GvTPjz2AkeSYrMQ	2026-03-06 18:41:16.908789+00
2f5it95rmwo0pndfu4yzglugn1ne7qb4	.eJxVjDsOwyAQBe9CHSE-izEp0-cMaGGJ7cQCyUAV5e6xJRdJ-2bevJnH3mbfa9r8QuzKJLv8bgHjK-UD0BPzVHgsuW1L4IfCT1r5vVBab6f7F5ixzvtbSNIWLBoSIDUKCFGONtoHwuisigYcgYiQHGqjAgXSSrnBDhpQgrR7tKY1xZbI14ZtKdnXtU972rDPF1UKQLo:1vtW1Y:WgqSeebp95IDiBnbjZfPjBSDoC7AfTSslUkPY8jhIGg	2026-03-06 19:18:48.568486+00
h2e1ni9yj8v8aikmojh7xmwrgd8eldby	eyJzZWxlY3RlZF9zdGF0aW9uX3NsdWciOiIxIn0:1vtdKk:uyD9KGuxRodKRH1-Diey73T_kgsAswOJXLvGUybbtWc	2026-03-07 03:07:06.171212+00
z5eimul5gkb81xspa94uy6cyvm5qu0on	eyJzZWxlY3RlZF9zdGF0aW9uX3NsdWciOiIxIn0:1vtdNo:QNyxpz2qpcuP1cabYbdC88ffT63IUUGYcxEpmY6Ruu0	2026-03-07 03:10:16.761345+00
qpfxdpm26152mkgmiryqj7o58xxaer3v	eyJzZWxlY3RlZF9zdGF0aW9uX3NsdWciOiIzIn0:1vtgex:PCG6kIo_6JJsyJopElHGY7ZRSeLcEfic9YjOBUkacrE	2026-03-07 06:40:11.674524+00
ipvwfu0crz0o3xc518t6xans3ycwo9ru	eyJzZWxlY3RlZF9zdGF0aW9uX3NsdWciOiI0In0:1vtgfP:fGar5VAW96Zg47_QksmqHMhZ3LmPFTbrXziCS0A7qmY	2026-03-07 06:40:39.861908+00
3xn45prsyxh6zz3q2ncam4bkdd31qeep	eyJzZWxlY3RlZF9zdGF0aW9uX3NsdWciOiIxIn0:1vtggn:sZlOeznEvH4dtbD0WwlHLn-cKRDjA2ZTwYM2uEyEMbk	2026-03-07 06:42:05.158442+00
2cg4vuk2xau2p7p3kv2ygfy6hdctha0p	eyJzZWxlY3RlZF9zdGF0aW9uX3NsdWciOiIyIn0:1vtgh0:uFD9GfNhlxFmP3zCdnWBNcFnfjb1pT-SyuI8reWoRT8	2026-03-07 06:42:18.688444+00
iuav9pc8o1lnsd1vnzml6iuiad7hcdhj	.eJxVjDsOwyAQBe9CHSE-izEp0-cMaGGJ7cQCyUAV5e6xJTduZ-a9L6tpTbEl8rVhW0r2de0TuzPDbsxjb7PvNW1-oZ3JKwsYPykfgt6Yp8JjyW1bAj8SftrKn4XS-jjby8GMdd7XQpK2YNGQAKlRQIhytNG-EEZnVTTgCESE5FAbFSiQVsoNdtCAEqRlvz__yEC6:1vthV9:Nkfi3E_IkuK2xccVW6DL1YPSwiu0V1VFu8SUE3ak1H0	2026-03-07 07:34:07.271977+00
5ga51wlog68zvhabe0k59f99sh8hhczo	eyJzZWxlY3RlZF9zdGF0aW9uX3NsdWciOiI0In0:1vtigQ:aCBq5VHi52fJDHkWiG0t94OOc8XNbkwRCNMneoQTG24	2026-03-07 08:49:50.616723+00
3b5a3f0qv8tbgrd9ezlmlqushypdoj0z	eyJzZWxlY3RlZF9zdGF0aW9uX3NsdWciOiIzIn0:1vtih2:G9FCU4wpA4SUEPwiOAh76ZWtnjLNyQG_EYaR78sqKtE	2026-03-07 08:50:28.515238+00
onp7xdtcwyfzqjpnrf73410zr807mztf	eyJzZWxlY3RlZF9zdGF0aW9uX3NsdWciOiIyIn0:1vtihg:S5ngeSLMt0_9C0esmGvAPUqCOlFZ-hlPhEHfInJc4Ds	2026-03-07 08:51:08.049105+00
64uunsndm0hf8mvmkf3xw24f62a9s5i4	eyJzZWxlY3RlZF9zdGF0aW9uX3NsdWciOiIxIn0:1vtil4:ap4L1Z5J8QfOtZzZf-IMNdZomZzW3uZiN5qAnnLrXo0	2026-03-07 08:54:38.396142+00
r5tffem4caqiztq4kbn8g9zdfnhiz8ak	.eJxVjDsOwyAQBe9CHSE-izEp0-cMaGGJ7cQCyUAV5e6xJTduZ-a9L6tpTbEl8rVhW0r2de0TuzPDbsxjb7PvNW1-oZ3JKwsYPykfgt6Yp8JjyW1bAj8SftrKn4XS-jjby8GMdd7XQpK2YNGQAKlRQIhytNG-EEZnVTTgCESE5FAbFSiQVsoNdtCAEqRlvz__yEC6:1vtjcv:FEMSa4XR8TqU3KwdfrwYnrIE55cRteAGKD4zw1UBBgc	2026-03-07 09:50:17.330273+00
4a30ger9vsi46xzt9ecohbjw5mh12vv1	eyJzZWxlY3RlZF9zdGF0aW9uX3NsdWciOiIxMjM0In0:1vtk2i:zUs9jEZRJ0i5eP9q-6yMxwvRb9aPO7aP3bbjZjd7WQo	2026-03-07 10:16:56.81756+00
8m3agcdsh6cw36nqxpfyfac55qbc32bp	.eJxVjMsOwiAQRf-FtSE8hk5x6b7fQAYGpWogKe3K-O_apAvd3nPOfYlA21rC1vMSZhZnocXpd4uUHrnugO9Ub02mVtdljnJX5EG7nBrn5-Vw_w4K9fKtlWaLgORYgbakICY9YsIrwejRJAeeQSXInqwzkSNbY_yAgwXSoFG8P8K7NtM:1vtk5k:yebVC9tBQY16TrRFwrX-boLS7r1faiUM6btE1vBPWvc	2026-03-07 10:20:04.76445+00
pzaxq3j38501480osh67no8szch2pg04	eyJzZWxlY3RlZF9zdGF0aW9uX3NsdWciOiIxMjM1In0:1vtk9C:Yw_EjMCjbIQaCiKbuNMzjv6ikdpMI1SgEo-Qu1Nr3-8	2026-03-07 10:23:38.292931+00
e9et0utxde9cmnmxhdmk0cmxp4medtdj	eyJzZWxlY3RlZF9zdGF0aW9uX3NsdWciOiIxMjM2In0:1vtkB5:yeDin6QPGdK-Wq3gZ66_XxWdrn1xtfZT2muxwqcsjig	2026-03-07 10:25:35.36734+00
pk5uwi34di3j5uc5eefp18mbvugdhcs6	eyJzZWxlY3RlZF9zdGF0aW9uX3NsdWciOiIxMjM4In0:1vtkF1:-OAkSvelKNv6N7i3ZvXyvaLiBhtGX6NfCRCUpu9edO8	2026-03-07 10:29:39.211789+00
15rvjs0v842hx66vhpty9440aedlbero	eyJzZWxlY3RlZF9zdGF0aW9uX3NsdWciOiIxMjM3In0:1vtkLv:LrUimkxeMdcG7Vr_yq245EfZ0BR7MCBs0x81lKgTDYE	2026-03-07 10:36:47.157986+00
rawa48mjt1j0qbctedpt9ajj3ao1vkr4	eyJzZWxlY3RlZF9zdGF0aW9uX3NsdWciOiIxMjMxMCJ9:1vtkNf:SJUR7mqSHKA_1E3RKSg8j0cdutvoHMNdUlnuf4xEYJQ	2026-03-07 10:38:35.909604+00
z1ao0fjaf6wnnjovye5vrwj6rcoghqz7	eyJzZWxlY3RlZF9zdGF0aW9uX3NsdWciOiIxMjM5In0:1vtkaJ:3dmWmAOpk8kWoGx_Lwoi-jFdLDiphgpjmPetWhTBPmw	2026-03-07 10:51:39.875221+00
6jcj44ug26ah5349selysb25adrj70gt	eyJzZWxlY3RlZF9zdGF0aW9uX3NsdWciOiIyIn0:1vtoi1:lv-aHSXRkKbmt3gDNLAvMDDPF0kw2SltPwwA8pxxx60	2026-03-07 15:15:53.311589+00
tv1tdz23wr60qgyg2w9v7jiva3jb2dso	eyJzZWxlY3RlZF9zdGF0aW9uX3NsdWciOiIyIn0:1vtpOd:IPLAAQjFNRCobtinAXyd6IYBPmZehRvxO9Ad4Tc6UIg	2026-03-07 15:59:55.760721+00
vy8ovf20myceh9s0503zdc5qh371nl28	.eJxVjMsOwiAQRf-FtSE8hk5x6b7fQAYGpWogKe3K-O_apAvd3nPOfYlA21rC1vMSZhZnocXpd4uUHrnugO9Ub02mVtdljnJX5EG7nBrn5-Vw_w4K9fKtlWaLgORYgbakICY9YsIrwejRJAeeQSXInqwzkSNbY_yAgwXSoFG8P8K7NtM:1vu12x:uqhOyvAMxxTJ3mgepnAn_aO_sH9iB7NdR3H3CkSnHXs	2026-03-08 04:26:19.033053+00
\.


--
-- Name: auth_group_id_seq; Type: SEQUENCE SET; Schema: public; Owner: factory_admin
--

SELECT pg_catalog.setval('public.auth_group_id_seq', 1, false);


--
-- Name: auth_group_permissions_id_seq; Type: SEQUENCE SET; Schema: public; Owner: factory_admin
--

SELECT pg_catalog.setval('public.auth_group_permissions_id_seq', 1, false);


--
-- Name: auth_permission_id_seq; Type: SEQUENCE SET; Schema: public; Owner: factory_admin
--

SELECT pg_catalog.setval('public.auth_permission_id_seq', 52, true);


--
-- Name: auth_user_groups_id_seq; Type: SEQUENCE SET; Schema: public; Owner: factory_admin
--

SELECT pg_catalog.setval('public.auth_user_groups_id_seq', 1, false);


--
-- Name: auth_user_id_seq; Type: SEQUENCE SET; Schema: public; Owner: factory_admin
--

SELECT pg_catalog.setval('public.auth_user_id_seq', 1, true);


--
-- Name: auth_user_user_permissions_id_seq; Type: SEQUENCE SET; Schema: public; Owner: factory_admin
--

SELECT pg_catalog.setval('public.auth_user_user_permissions_id_seq', 1, false);


--
-- Name: core_assemblystep_id_seq; Type: SEQUENCE SET; Schema: public; Owner: factory_admin
--

SELECT pg_catalog.setval('public.core_assemblystep_id_seq', 60, true);


--
-- Name: core_productvariant_id_seq; Type: SEQUENCE SET; Schema: public; Owner: factory_admin
--

SELECT pg_catalog.setval('public.core_productvariant_id_seq', 4, true);


--
-- Name: core_taskcategory_id_seq; Type: SEQUENCE SET; Schema: public; Owner: factory_admin
--

SELECT pg_catalog.setval('public.core_taskcategory_id_seq', 17, true);


--
-- Name: core_tasklog_id_seq; Type: SEQUENCE SET; Schema: public; Owner: factory_admin
--

SELECT pg_catalog.setval('public.core_tasklog_id_seq', 414, true);


--
-- Name: core_truckrun_id_seq; Type: SEQUENCE SET; Schema: public; Owner: factory_admin
--

SELECT pg_catalog.setval('public.core_truckrun_id_seq', 148, true);


--
-- Name: core_worker_id_seq; Type: SEQUENCE SET; Schema: public; Owner: factory_admin
--

SELECT pg_catalog.setval('public.core_worker_id_seq', 38, true);


--
-- Name: core_workstation_id_seq; Type: SEQUENCE SET; Schema: public; Owner: factory_admin
--

SELECT pg_catalog.setval('public.core_workstation_id_seq', 19, true);


--
-- Name: django_admin_log_id_seq; Type: SEQUENCE SET; Schema: public; Owner: factory_admin
--

SELECT pg_catalog.setval('public.django_admin_log_id_seq', 115, true);


--
-- Name: django_content_type_id_seq; Type: SEQUENCE SET; Schema: public; Owner: factory_admin
--

SELECT pg_catalog.setval('public.django_content_type_id_seq', 13, true);


--
-- Name: django_migrations_id_seq; Type: SEQUENCE SET; Schema: public; Owner: factory_admin
--

SELECT pg_catalog.setval('public.django_migrations_id_seq', 23, true);


--
-- Name: auth_group auth_group_name_key; Type: CONSTRAINT; Schema: public; Owner: factory_admin
--

ALTER TABLE ONLY public.auth_group
    ADD CONSTRAINT auth_group_name_key UNIQUE (name);


--
-- Name: auth_group_permissions auth_group_permissions_group_id_permission_id_0cd325b0_uniq; Type: CONSTRAINT; Schema: public; Owner: factory_admin
--

ALTER TABLE ONLY public.auth_group_permissions
    ADD CONSTRAINT auth_group_permissions_group_id_permission_id_0cd325b0_uniq UNIQUE (group_id, permission_id);


--
-- Name: auth_group_permissions auth_group_permissions_pkey; Type: CONSTRAINT; Schema: public; Owner: factory_admin
--

ALTER TABLE ONLY public.auth_group_permissions
    ADD CONSTRAINT auth_group_permissions_pkey PRIMARY KEY (id);


--
-- Name: auth_group auth_group_pkey; Type: CONSTRAINT; Schema: public; Owner: factory_admin
--

ALTER TABLE ONLY public.auth_group
    ADD CONSTRAINT auth_group_pkey PRIMARY KEY (id);


--
-- Name: auth_permission auth_permission_content_type_id_codename_01ab375a_uniq; Type: CONSTRAINT; Schema: public; Owner: factory_admin
--

ALTER TABLE ONLY public.auth_permission
    ADD CONSTRAINT auth_permission_content_type_id_codename_01ab375a_uniq UNIQUE (content_type_id, codename);


--
-- Name: auth_permission auth_permission_pkey; Type: CONSTRAINT; Schema: public; Owner: factory_admin
--

ALTER TABLE ONLY public.auth_permission
    ADD CONSTRAINT auth_permission_pkey PRIMARY KEY (id);


--
-- Name: auth_user_groups auth_user_groups_pkey; Type: CONSTRAINT; Schema: public; Owner: factory_admin
--

ALTER TABLE ONLY public.auth_user_groups
    ADD CONSTRAINT auth_user_groups_pkey PRIMARY KEY (id);


--
-- Name: auth_user_groups auth_user_groups_user_id_group_id_94350c0c_uniq; Type: CONSTRAINT; Schema: public; Owner: factory_admin
--

ALTER TABLE ONLY public.auth_user_groups
    ADD CONSTRAINT auth_user_groups_user_id_group_id_94350c0c_uniq UNIQUE (user_id, group_id);


--
-- Name: auth_user auth_user_pkey; Type: CONSTRAINT; Schema: public; Owner: factory_admin
--

ALTER TABLE ONLY public.auth_user
    ADD CONSTRAINT auth_user_pkey PRIMARY KEY (id);


--
-- Name: auth_user_user_permissions auth_user_user_permissions_pkey; Type: CONSTRAINT; Schema: public; Owner: factory_admin
--

ALTER TABLE ONLY public.auth_user_user_permissions
    ADD CONSTRAINT auth_user_user_permissions_pkey PRIMARY KEY (id);


--
-- Name: auth_user_user_permissions auth_user_user_permissions_user_id_permission_id_14a6b632_uniq; Type: CONSTRAINT; Schema: public; Owner: factory_admin
--

ALTER TABLE ONLY public.auth_user_user_permissions
    ADD CONSTRAINT auth_user_user_permissions_user_id_permission_id_14a6b632_uniq UNIQUE (user_id, permission_id);


--
-- Name: auth_user auth_user_username_key; Type: CONSTRAINT; Schema: public; Owner: factory_admin
--

ALTER TABLE ONLY public.auth_user
    ADD CONSTRAINT auth_user_username_key UNIQUE (username);


--
-- Name: core_assemblystep core_assemblystep_pkey; Type: CONSTRAINT; Schema: public; Owner: factory_admin
--

ALTER TABLE ONLY public.core_assemblystep
    ADD CONSTRAINT core_assemblystep_pkey PRIMARY KEY (id);


--
-- Name: core_assemblystep core_assemblystep_workstation_id_product_i_9ca2f753_uniq; Type: CONSTRAINT; Schema: public; Owner: factory_admin
--

ALTER TABLE ONLY public.core_assemblystep
    ADD CONSTRAINT core_assemblystep_workstation_id_product_i_9ca2f753_uniq UNIQUE (workstation_id, product_id, step_number);


--
-- Name: core_productvariant core_productvariant_code_key; Type: CONSTRAINT; Schema: public; Owner: factory_admin
--

ALTER TABLE ONLY public.core_productvariant
    ADD CONSTRAINT core_productvariant_code_key UNIQUE (code);


--
-- Name: core_productvariant core_productvariant_pkey; Type: CONSTRAINT; Schema: public; Owner: factory_admin
--

ALTER TABLE ONLY public.core_productvariant
    ADD CONSTRAINT core_productvariant_pkey PRIMARY KEY (id);


--
-- Name: core_taskcategory core_taskcategory_pkey; Type: CONSTRAINT; Schema: public; Owner: factory_admin
--

ALTER TABLE ONLY public.core_taskcategory
    ADD CONSTRAINT core_taskcategory_pkey PRIMARY KEY (id);


--
-- Name: core_tasklog core_tasklog_pkey; Type: CONSTRAINT; Schema: public; Owner: factory_admin
--

ALTER TABLE ONLY public.core_tasklog
    ADD CONSTRAINT core_tasklog_pkey PRIMARY KEY (id);


--
-- Name: core_truckrun core_truckrun_pkey; Type: CONSTRAINT; Schema: public; Owner: factory_admin
--

ALTER TABLE ONLY public.core_truckrun
    ADD CONSTRAINT core_truckrun_pkey PRIMARY KEY (id);


--
-- Name: core_worker core_worker_badge_id_key; Type: CONSTRAINT; Schema: public; Owner: factory_admin
--

ALTER TABLE ONLY public.core_worker
    ADD CONSTRAINT core_worker_badge_id_key UNIQUE (badge_id);


--
-- Name: core_worker core_worker_pkey; Type: CONSTRAINT; Schema: public; Owner: factory_admin
--

ALTER TABLE ONLY public.core_worker
    ADD CONSTRAINT core_worker_pkey PRIMARY KEY (id);


--
-- Name: core_workstation core_workstation_ip_address_key; Type: CONSTRAINT; Schema: public; Owner: factory_admin
--

ALTER TABLE ONLY public.core_workstation
    ADD CONSTRAINT core_workstation_ip_address_key UNIQUE (ip_address);


--
-- Name: core_workstation core_workstation_pkey; Type: CONSTRAINT; Schema: public; Owner: factory_admin
--

ALTER TABLE ONLY public.core_workstation
    ADD CONSTRAINT core_workstation_pkey PRIMARY KEY (id);


--
-- Name: core_workstation core_workstation_slug_key; Type: CONSTRAINT; Schema: public; Owner: factory_admin
--

ALTER TABLE ONLY public.core_workstation
    ADD CONSTRAINT core_workstation_slug_key UNIQUE (slug);


--
-- Name: django_admin_log django_admin_log_pkey; Type: CONSTRAINT; Schema: public; Owner: factory_admin
--

ALTER TABLE ONLY public.django_admin_log
    ADD CONSTRAINT django_admin_log_pkey PRIMARY KEY (id);


--
-- Name: django_content_type django_content_type_app_label_model_76bd3d3b_uniq; Type: CONSTRAINT; Schema: public; Owner: factory_admin
--

ALTER TABLE ONLY public.django_content_type
    ADD CONSTRAINT django_content_type_app_label_model_76bd3d3b_uniq UNIQUE (app_label, model);


--
-- Name: django_content_type django_content_type_pkey; Type: CONSTRAINT; Schema: public; Owner: factory_admin
--

ALTER TABLE ONLY public.django_content_type
    ADD CONSTRAINT django_content_type_pkey PRIMARY KEY (id);


--
-- Name: django_migrations django_migrations_pkey; Type: CONSTRAINT; Schema: public; Owner: factory_admin
--

ALTER TABLE ONLY public.django_migrations
    ADD CONSTRAINT django_migrations_pkey PRIMARY KEY (id);


--
-- Name: django_session django_session_pkey; Type: CONSTRAINT; Schema: public; Owner: factory_admin
--

ALTER TABLE ONLY public.django_session
    ADD CONSTRAINT django_session_pkey PRIMARY KEY (session_key);


--
-- Name: auth_group_name_a6ea08ec_like; Type: INDEX; Schema: public; Owner: factory_admin
--

CREATE INDEX auth_group_name_a6ea08ec_like ON public.auth_group USING btree (name varchar_pattern_ops);


--
-- Name: auth_group_permissions_group_id_b120cbf9; Type: INDEX; Schema: public; Owner: factory_admin
--

CREATE INDEX auth_group_permissions_group_id_b120cbf9 ON public.auth_group_permissions USING btree (group_id);


--
-- Name: auth_group_permissions_permission_id_84c5c92e; Type: INDEX; Schema: public; Owner: factory_admin
--

CREATE INDEX auth_group_permissions_permission_id_84c5c92e ON public.auth_group_permissions USING btree (permission_id);


--
-- Name: auth_permission_content_type_id_2f476e4b; Type: INDEX; Schema: public; Owner: factory_admin
--

CREATE INDEX auth_permission_content_type_id_2f476e4b ON public.auth_permission USING btree (content_type_id);


--
-- Name: auth_user_groups_group_id_97559544; Type: INDEX; Schema: public; Owner: factory_admin
--

CREATE INDEX auth_user_groups_group_id_97559544 ON public.auth_user_groups USING btree (group_id);


--
-- Name: auth_user_groups_user_id_6a12ed8b; Type: INDEX; Schema: public; Owner: factory_admin
--

CREATE INDEX auth_user_groups_user_id_6a12ed8b ON public.auth_user_groups USING btree (user_id);


--
-- Name: auth_user_user_permissions_permission_id_1fbb5f2c; Type: INDEX; Schema: public; Owner: factory_admin
--

CREATE INDEX auth_user_user_permissions_permission_id_1fbb5f2c ON public.auth_user_user_permissions USING btree (permission_id);


--
-- Name: auth_user_user_permissions_user_id_a95ead1b; Type: INDEX; Schema: public; Owner: factory_admin
--

CREATE INDEX auth_user_user_permissions_user_id_a95ead1b ON public.auth_user_user_permissions USING btree (user_id);


--
-- Name: auth_user_username_6821ab7c_like; Type: INDEX; Schema: public; Owner: factory_admin
--

CREATE INDEX auth_user_username_6821ab7c_like ON public.auth_user USING btree (username varchar_pattern_ops);


--
-- Name: core_assemblystep_category_id_81e97fa6; Type: INDEX; Schema: public; Owner: factory_admin
--

CREATE INDEX core_assemblystep_category_id_81e97fa6 ON public.core_assemblystep USING btree (category_id);


--
-- Name: core_assemblystep_product_id_3bb854c3; Type: INDEX; Schema: public; Owner: factory_admin
--

CREATE INDEX core_assemblystep_product_id_3bb854c3 ON public.core_assemblystep USING btree (product_id);


--
-- Name: core_assemblystep_workstation_id_c8d77062; Type: INDEX; Schema: public; Owner: factory_admin
--

CREATE INDEX core_assemblystep_workstation_id_c8d77062 ON public.core_assemblystep USING btree (workstation_id);


--
-- Name: core_productvariant_code_95d2b70e_like; Type: INDEX; Schema: public; Owner: factory_admin
--

CREATE INDEX core_productvariant_code_95d2b70e_like ON public.core_productvariant USING btree (code varchar_pattern_ops);


--
-- Name: core_tasklog_assembly_step_id_a59f32f3; Type: INDEX; Schema: public; Owner: factory_admin
--

CREATE INDEX core_tasklog_assembly_step_id_a59f32f3 ON public.core_tasklog USING btree (assembly_step_id);


--
-- Name: core_tasklog_operator_id_65b7dfb0; Type: INDEX; Schema: public; Owner: factory_admin
--

CREATE INDEX core_tasklog_operator_id_65b7dfb0 ON public.core_tasklog USING btree (operator_id);


--
-- Name: core_tasklog_truck_run_id_4b0f9232; Type: INDEX; Schema: public; Owner: factory_admin
--

CREATE INDEX core_tasklog_truck_run_id_4b0f9232 ON public.core_tasklog USING btree (truck_run_id);


--
-- Name: core_truckrun_product_id_9ec55636; Type: INDEX; Schema: public; Owner: factory_admin
--

CREATE INDEX core_truckrun_product_id_9ec55636 ON public.core_truckrun USING btree (product_id);


--
-- Name: core_truckrun_workstation_id_59994c6d; Type: INDEX; Schema: public; Owner: factory_admin
--

CREATE INDEX core_truckrun_workstation_id_59994c6d ON public.core_truckrun USING btree (workstation_id);


--
-- Name: core_worker_assigned_station_id_d1b4ce60; Type: INDEX; Schema: public; Owner: factory_admin
--

CREATE INDEX core_worker_assigned_station_id_d1b4ce60 ON public.core_worker USING btree (assigned_station_id);


--
-- Name: core_worker_badge_id_88e08547_like; Type: INDEX; Schema: public; Owner: factory_admin
--

CREATE INDEX core_worker_badge_id_88e08547_like ON public.core_worker USING btree (badge_id varchar_pattern_ops);


--
-- Name: core_workstation_slug_3e92b6e7_like; Type: INDEX; Schema: public; Owner: factory_admin
--

CREATE INDEX core_workstation_slug_3e92b6e7_like ON public.core_workstation USING btree (slug varchar_pattern_ops);


--
-- Name: django_admin_log_content_type_id_c4bce8eb; Type: INDEX; Schema: public; Owner: factory_admin
--

CREATE INDEX django_admin_log_content_type_id_c4bce8eb ON public.django_admin_log USING btree (content_type_id);


--
-- Name: django_admin_log_user_id_c564eba6; Type: INDEX; Schema: public; Owner: factory_admin
--

CREATE INDEX django_admin_log_user_id_c564eba6 ON public.django_admin_log USING btree (user_id);


--
-- Name: django_session_expire_date_a5c62663; Type: INDEX; Schema: public; Owner: factory_admin
--

CREATE INDEX django_session_expire_date_a5c62663 ON public.django_session USING btree (expire_date);


--
-- Name: django_session_session_key_c0390e0f_like; Type: INDEX; Schema: public; Owner: factory_admin
--

CREATE INDEX django_session_session_key_c0390e0f_like ON public.django_session USING btree (session_key varchar_pattern_ops);


--
-- Name: auth_group_permissions auth_group_permissio_permission_id_84c5c92e_fk_auth_perm; Type: FK CONSTRAINT; Schema: public; Owner: factory_admin
--

ALTER TABLE ONLY public.auth_group_permissions
    ADD CONSTRAINT auth_group_permissio_permission_id_84c5c92e_fk_auth_perm FOREIGN KEY (permission_id) REFERENCES public.auth_permission(id) DEFERRABLE INITIALLY DEFERRED;


--
-- Name: auth_group_permissions auth_group_permissions_group_id_b120cbf9_fk_auth_group_id; Type: FK CONSTRAINT; Schema: public; Owner: factory_admin
--

ALTER TABLE ONLY public.auth_group_permissions
    ADD CONSTRAINT auth_group_permissions_group_id_b120cbf9_fk_auth_group_id FOREIGN KEY (group_id) REFERENCES public.auth_group(id) DEFERRABLE INITIALLY DEFERRED;


--
-- Name: auth_permission auth_permission_content_type_id_2f476e4b_fk_django_co; Type: FK CONSTRAINT; Schema: public; Owner: factory_admin
--

ALTER TABLE ONLY public.auth_permission
    ADD CONSTRAINT auth_permission_content_type_id_2f476e4b_fk_django_co FOREIGN KEY (content_type_id) REFERENCES public.django_content_type(id) DEFERRABLE INITIALLY DEFERRED;


--
-- Name: auth_user_groups auth_user_groups_group_id_97559544_fk_auth_group_id; Type: FK CONSTRAINT; Schema: public; Owner: factory_admin
--

ALTER TABLE ONLY public.auth_user_groups
    ADD CONSTRAINT auth_user_groups_group_id_97559544_fk_auth_group_id FOREIGN KEY (group_id) REFERENCES public.auth_group(id) DEFERRABLE INITIALLY DEFERRED;


--
-- Name: auth_user_groups auth_user_groups_user_id_6a12ed8b_fk_auth_user_id; Type: FK CONSTRAINT; Schema: public; Owner: factory_admin
--

ALTER TABLE ONLY public.auth_user_groups
    ADD CONSTRAINT auth_user_groups_user_id_6a12ed8b_fk_auth_user_id FOREIGN KEY (user_id) REFERENCES public.auth_user(id) DEFERRABLE INITIALLY DEFERRED;


--
-- Name: auth_user_user_permissions auth_user_user_permi_permission_id_1fbb5f2c_fk_auth_perm; Type: FK CONSTRAINT; Schema: public; Owner: factory_admin
--

ALTER TABLE ONLY public.auth_user_user_permissions
    ADD CONSTRAINT auth_user_user_permi_permission_id_1fbb5f2c_fk_auth_perm FOREIGN KEY (permission_id) REFERENCES public.auth_permission(id) DEFERRABLE INITIALLY DEFERRED;


--
-- Name: auth_user_user_permissions auth_user_user_permissions_user_id_a95ead1b_fk_auth_user_id; Type: FK CONSTRAINT; Schema: public; Owner: factory_admin
--

ALTER TABLE ONLY public.auth_user_user_permissions
    ADD CONSTRAINT auth_user_user_permissions_user_id_a95ead1b_fk_auth_user_id FOREIGN KEY (user_id) REFERENCES public.auth_user(id) DEFERRABLE INITIALLY DEFERRED;


--
-- Name: core_assemblystep core_assemblystep_category_id_81e97fa6_fk_core_taskcategory_id; Type: FK CONSTRAINT; Schema: public; Owner: factory_admin
--

ALTER TABLE ONLY public.core_assemblystep
    ADD CONSTRAINT core_assemblystep_category_id_81e97fa6_fk_core_taskcategory_id FOREIGN KEY (category_id) REFERENCES public.core_taskcategory(id) DEFERRABLE INITIALLY DEFERRED;


--
-- Name: core_assemblystep core_assemblystep_product_id_3bb854c3_fk_core_productvariant_id; Type: FK CONSTRAINT; Schema: public; Owner: factory_admin
--

ALTER TABLE ONLY public.core_assemblystep
    ADD CONSTRAINT core_assemblystep_product_id_3bb854c3_fk_core_productvariant_id FOREIGN KEY (product_id) REFERENCES public.core_productvariant(id) DEFERRABLE INITIALLY DEFERRED;


--
-- Name: core_assemblystep core_assemblystep_workstation_id_c8d77062_fk_core_work; Type: FK CONSTRAINT; Schema: public; Owner: factory_admin
--

ALTER TABLE ONLY public.core_assemblystep
    ADD CONSTRAINT core_assemblystep_workstation_id_c8d77062_fk_core_work FOREIGN KEY (workstation_id) REFERENCES public.core_workstation(id) DEFERRABLE INITIALLY DEFERRED;


--
-- Name: core_tasklog core_tasklog_assembly_step_id_a59f32f3_fk_core_assemblystep_id; Type: FK CONSTRAINT; Schema: public; Owner: factory_admin
--

ALTER TABLE ONLY public.core_tasklog
    ADD CONSTRAINT core_tasklog_assembly_step_id_a59f32f3_fk_core_assemblystep_id FOREIGN KEY (assembly_step_id) REFERENCES public.core_assemblystep(id) DEFERRABLE INITIALLY DEFERRED;


--
-- Name: core_tasklog core_tasklog_operator_id_65b7dfb0_fk_core_worker_id; Type: FK CONSTRAINT; Schema: public; Owner: factory_admin
--

ALTER TABLE ONLY public.core_tasklog
    ADD CONSTRAINT core_tasklog_operator_id_65b7dfb0_fk_core_worker_id FOREIGN KEY (operator_id) REFERENCES public.core_worker(id) DEFERRABLE INITIALLY DEFERRED;


--
-- Name: core_tasklog core_tasklog_truck_run_id_4b0f9232_fk_core_truckrun_id; Type: FK CONSTRAINT; Schema: public; Owner: factory_admin
--

ALTER TABLE ONLY public.core_tasklog
    ADD CONSTRAINT core_tasklog_truck_run_id_4b0f9232_fk_core_truckrun_id FOREIGN KEY (truck_run_id) REFERENCES public.core_truckrun(id) DEFERRABLE INITIALLY DEFERRED;


--
-- Name: core_truckrun core_truckrun_product_id_9ec55636_fk_core_productvariant_id; Type: FK CONSTRAINT; Schema: public; Owner: factory_admin
--

ALTER TABLE ONLY public.core_truckrun
    ADD CONSTRAINT core_truckrun_product_id_9ec55636_fk_core_productvariant_id FOREIGN KEY (product_id) REFERENCES public.core_productvariant(id) DEFERRABLE INITIALLY DEFERRED;


--
-- Name: core_truckrun core_truckrun_workstation_id_59994c6d_fk_core_workstation_id; Type: FK CONSTRAINT; Schema: public; Owner: factory_admin
--

ALTER TABLE ONLY public.core_truckrun
    ADD CONSTRAINT core_truckrun_workstation_id_59994c6d_fk_core_workstation_id FOREIGN KEY (workstation_id) REFERENCES public.core_workstation(id) DEFERRABLE INITIALLY DEFERRED;


--
-- Name: core_worker core_worker_assigned_station_id_d1b4ce60_fk_core_workstation_id; Type: FK CONSTRAINT; Schema: public; Owner: factory_admin
--

ALTER TABLE ONLY public.core_worker
    ADD CONSTRAINT core_worker_assigned_station_id_d1b4ce60_fk_core_workstation_id FOREIGN KEY (assigned_station_id) REFERENCES public.core_workstation(id) DEFERRABLE INITIALLY DEFERRED;


--
-- Name: django_admin_log django_admin_log_content_type_id_c4bce8eb_fk_django_co; Type: FK CONSTRAINT; Schema: public; Owner: factory_admin
--

ALTER TABLE ONLY public.django_admin_log
    ADD CONSTRAINT django_admin_log_content_type_id_c4bce8eb_fk_django_co FOREIGN KEY (content_type_id) REFERENCES public.django_content_type(id) DEFERRABLE INITIALLY DEFERRED;


--
-- Name: django_admin_log django_admin_log_user_id_c564eba6_fk_auth_user_id; Type: FK CONSTRAINT; Schema: public; Owner: factory_admin
--

ALTER TABLE ONLY public.django_admin_log
    ADD CONSTRAINT django_admin_log_user_id_c564eba6_fk_auth_user_id FOREIGN KEY (user_id) REFERENCES public.auth_user(id) DEFERRABLE INITIALLY DEFERRED;


--
-- PostgreSQL database dump complete
--

\unrestrict vCAMXfeMzUKab0c6wfjtTbCSeqTjASZ8wiMz5qHK9KlZBK19TCcbVPyXobaIXup

