--
-- PostgreSQL database dump
--

\restrict N2Mox53vdBNZwDEMZfd1CJTEtxgIbZIkV0cCvdnYuu3HkmaK7dTlXr4r9RcCe0q

-- Dumped from database version 15.17
-- Dumped by pg_dump version 15.17

SET statement_timeout = 0;
SET lock_timeout = 0;
SET idle_in_transaction_session_timeout = 0;
SET client_encoding = 'UTF8';
SET standard_conforming_strings = on;
SELECT pg_catalog.set_config('search_path', '', false);
SET check_function_bodies = false;
SET xmloption = content;
SET client_min_messages = warning;
SET row_security = off;

SET default_tablespace = '';

SET default_table_access_method = heap;

--
-- Name: auth_group; Type: TABLE; Schema: public; Owner: factory_admin
--

CREATE TABLE public.auth_group (
    id integer NOT NULL,
    name character varying(150) NOT NULL
);


ALTER TABLE public.auth_group OWNER TO factory_admin;

--
-- Name: auth_group_id_seq; Type: SEQUENCE; Schema: public; Owner: factory_admin
--

ALTER TABLE public.auth_group ALTER COLUMN id ADD GENERATED BY DEFAULT AS IDENTITY (
    SEQUENCE NAME public.auth_group_id_seq
    START WITH 1
    INCREMENT BY 1
    NO MINVALUE
    NO MAXVALUE
    CACHE 1
);


--
-- Name: auth_group_permissions; Type: TABLE; Schema: public; Owner: factory_admin
--

CREATE TABLE public.auth_group_permissions (
    id bigint NOT NULL,
    group_id integer NOT NULL,
    permission_id integer NOT NULL
);


ALTER TABLE public.auth_group_permissions OWNER TO factory_admin;

--
-- Name: auth_group_permissions_id_seq; Type: SEQUENCE; Schema: public; Owner: factory_admin
--

ALTER TABLE public.auth_group_permissions ALTER COLUMN id ADD GENERATED BY DEFAULT AS IDENTITY (
    SEQUENCE NAME public.auth_group_permissions_id_seq
    START WITH 1
    INCREMENT BY 1
    NO MINVALUE
    NO MAXVALUE
    CACHE 1
);


--
-- Name: auth_permission; Type: TABLE; Schema: public; Owner: factory_admin
--

CREATE TABLE public.auth_permission (
    id integer NOT NULL,
    name character varying(255) NOT NULL,
    content_type_id integer NOT NULL,
    codename character varying(100) NOT NULL
);


ALTER TABLE public.auth_permission OWNER TO factory_admin;

--
-- Name: auth_permission_id_seq; Type: SEQUENCE; Schema: public; Owner: factory_admin
--

ALTER TABLE public.auth_permission ALTER COLUMN id ADD GENERATED BY DEFAULT AS IDENTITY (
    SEQUENCE NAME public.auth_permission_id_seq
    START WITH 1
    INCREMENT BY 1
    NO MINVALUE
    NO MAXVALUE
    CACHE 1
);


--
-- Name: auth_user; Type: TABLE; Schema: public; Owner: factory_admin
--

CREATE TABLE public.auth_user (
    id integer NOT NULL,
    password character varying(128) NOT NULL,
    last_login timestamp with time zone,
    is_superuser boolean NOT NULL,
    username character varying(150) NOT NULL,
    first_name character varying(150) NOT NULL,
    last_name character varying(150) NOT NULL,
    email character varying(254) NOT NULL,
    is_staff boolean NOT NULL,
    is_active boolean NOT NULL,
    date_joined timestamp with time zone NOT NULL
);


ALTER TABLE public.auth_user OWNER TO factory_admin;

--
-- Name: auth_user_groups; Type: TABLE; Schema: public; Owner: factory_admin
--

CREATE TABLE public.auth_user_groups (
    id bigint NOT NULL,
    user_id integer NOT NULL,
    group_id integer NOT NULL
);


ALTER TABLE public.auth_user_groups OWNER TO factory_admin;

--
-- Name: auth_user_groups_id_seq; Type: SEQUENCE; Schema: public; Owner: factory_admin
--

ALTER TABLE public.auth_user_groups ALTER COLUMN id ADD GENERATED BY DEFAULT AS IDENTITY (
    SEQUENCE NAME public.auth_user_groups_id_seq
    START WITH 1
    INCREMENT BY 1
    NO MINVALUE
    NO MAXVALUE
    CACHE 1
);


--
-- Name: auth_user_id_seq; Type: SEQUENCE; Schema: public; Owner: factory_admin
--

ALTER TABLE public.auth_user ALTER COLUMN id ADD GENERATED BY DEFAULT AS IDENTITY (
    SEQUENCE NAME public.auth_user_id_seq
    START WITH 1
    INCREMENT BY 1
    NO MINVALUE
    NO MAXVALUE
    CACHE 1
);


--
-- Name: auth_user_user_permissions; Type: TABLE; Schema: public; Owner: factory_admin
--

CREATE TABLE public.auth_user_user_permissions (
    id bigint NOT NULL,
    user_id integer NOT NULL,
    permission_id integer NOT NULL
);


ALTER TABLE public.auth_user_user_permissions OWNER TO factory_admin;

--
-- Name: auth_user_user_permissions_id_seq; Type: SEQUENCE; Schema: public; Owner: factory_admin
--

ALTER TABLE public.auth_user_user_permissions ALTER COLUMN id ADD GENERATED BY DEFAULT AS IDENTITY (
    SEQUENCE NAME public.auth_user_user_permissions_id_seq
    START WITH 1
    INCREMENT BY 1
    NO MINVALUE
    NO MAXVALUE
    CACHE 1
);


--
-- Name: core_assemblystep; Type: TABLE; Schema: public; Owner: factory_admin
--

CREATE TABLE public.core_assemblystep (
    id bigint NOT NULL,
    step_number integer NOT NULL,
    description text NOT NULL,
    tooling character varying(200) NOT NULL,
    torque character varying(50) NOT NULL,
    product_id bigint,
    workstation_id bigint NOT NULL,
    standard_duration_seconds integer NOT NULL,
    category_id bigint,
    heading character varying(255)
);


ALTER TABLE public.core_assemblystep OWNER TO factory_admin;

--
-- Name: core_assemblystep_id_seq; Type: SEQUENCE; Schema: public; Owner: factory_admin
--

ALTER TABLE public.core_assemblystep ALTER COLUMN id ADD GENERATED BY DEFAULT AS IDENTITY (
    SEQUENCE NAME public.core_assemblystep_id_seq
    START WITH 1
    INCREMENT BY 1
    NO MINVALUE
    NO MAXVALUE
    CACHE 1
);


--
-- Name: core_defectlog; Type: TABLE; Schema: public; Owner: factory_admin
--

CREATE TABLE public.core_defectlog (
    id bigint NOT NULL,
    category character varying(20) NOT NULL,
    description text NOT NULL,
    is_critical boolean NOT NULL,
    is_resolved boolean NOT NULL,
    reported_at timestamp with time zone NOT NULL,
    resolved_at timestamp with time zone,
    assembly_step_id bigint NOT NULL,
    truck_run_id bigint NOT NULL,
    worker_id bigint
);


ALTER TABLE public.core_defectlog OWNER TO factory_admin;

--
-- Name: core_defectlog_id_seq; Type: SEQUENCE; Schema: public; Owner: factory_admin
--

ALTER TABLE public.core_defectlog ALTER COLUMN id ADD GENERATED BY DEFAULT AS IDENTITY (
    SEQUENCE NAME public.core_defectlog_id_seq
    START WITH 1
    INCREMENT BY 1
    NO MINVALUE
    NO MAXVALUE
    CACHE 1
);


--
-- Name: core_inventory; Type: TABLE; Schema: public; Owner: factory_admin
--

CREATE TABLE public.core_inventory (
    id bigint NOT NULL,
    quantity integer NOT NULL,
    location character varying(100) NOT NULL,
    updated_at timestamp with time zone NOT NULL,
    part_id bigint NOT NULL,
    critical_level integer NOT NULL,
    low_level integer NOT NULL,
    CONSTRAINT core_inventory_quantity_1d2c230f_check CHECK ((quantity >= 0))
);


ALTER TABLE public.core_inventory OWNER TO factory_admin;

--
-- Name: core_inventory_id_seq; Type: SEQUENCE; Schema: public; Owner: factory_admin
--

ALTER TABLE public.core_inventory ALTER COLUMN id ADD GENERATED BY DEFAULT AS IDENTITY (
    SEQUENCE NAME public.core_inventory_id_seq
    START WITH 1
    INCREMENT BY 1
    NO MINVALUE
    NO MAXVALUE
    CACHE 1
);


--
-- Name: core_order; Type: TABLE; Schema: public; Owner: factory_admin
--

CREATE TABLE public.core_order (
    id bigint NOT NULL,
    customer character varying(200) NOT NULL,
    delivery_date date NOT NULL,
    quantity integer NOT NULL,
    created_at timestamp with time zone NOT NULL,
    is_planned boolean NOT NULL,
    product_id bigint NOT NULL
);


ALTER TABLE public.core_order OWNER TO factory_admin;

--
-- Name: core_order_id_seq; Type: SEQUENCE; Schema: public; Owner: factory_admin
--

ALTER TABLE public.core_order ALTER COLUMN id ADD GENERATED BY DEFAULT AS IDENTITY (
    SEQUENCE NAME public.core_order_id_seq
    START WITH 1
    INCREMENT BY 1
    NO MINVALUE
    NO MAXVALUE
    CACHE 1
);


--
-- Name: core_part; Type: TABLE; Schema: public; Owner: factory_admin
--

CREATE TABLE public.core_part (
    id bigint NOT NULL,
    code character varying(50) NOT NULL,
    name character varying(200) NOT NULL,
    unit character varying(20) NOT NULL,
    reorder_level integer NOT NULL,
    reorder_quantity integer NOT NULL
);


ALTER TABLE public.core_part OWNER TO factory_admin;

--
-- Name: core_part_id_seq; Type: SEQUENCE; Schema: public; Owner: factory_admin
--

ALTER TABLE public.core_part ALTER COLUMN id ADD GENERATED BY DEFAULT AS IDENTITY (
    SEQUENCE NAME public.core_part_id_seq
    START WITH 1
    INCREMENT BY 1
    NO MINVALUE
    NO MAXVALUE
    CACHE 1
);


--
-- Name: core_partconsumption; Type: TABLE; Schema: public; Owner: factory_admin
--

CREATE TABLE public.core_partconsumption (
    id bigint NOT NULL,
    quantity integer NOT NULL,
    consumed_at timestamp with time zone NOT NULL,
    assembly_step_id bigint NOT NULL,
    part_id bigint NOT NULL,
    truck_run_id bigint NOT NULL
);


ALTER TABLE public.core_partconsumption OWNER TO factory_admin;

--
-- Name: core_partconsumption_id_seq; Type: SEQUENCE; Schema: public; Owner: factory_admin
--

ALTER TABLE public.core_partconsumption ALTER COLUMN id ADD GENERATED BY DEFAULT AS IDENTITY (
    SEQUENCE NAME public.core_partconsumption_id_seq
    START WITH 1
    INCREMENT BY 1
    NO MINVALUE
    NO MAXVALUE
    CACHE 1
);


--
-- Name: core_productionorder; Type: TABLE; Schema: public; Owner: factory_admin
--

CREATE TABLE public.core_productionorder (
    id bigint NOT NULL,
    quantity integer NOT NULL,
    created_at timestamp with time zone NOT NULL,
    model_name character varying(200) NOT NULL,
    tractor_image character varying(100),
    vin_prefix character varying(50)
);


ALTER TABLE public.core_productionorder OWNER TO factory_admin;

--
-- Name: core_productionorder_id_seq; Type: SEQUENCE; Schema: public; Owner: factory_admin
--

ALTER TABLE public.core_productionorder ALTER COLUMN id ADD GENERATED BY DEFAULT AS IDENTITY (
    SEQUENCE NAME public.core_productionorder_id_seq
    START WITH 1
    INCREMENT BY 1
    NO MINVALUE
    NO MAXVALUE
    CACHE 1
);


--
-- Name: core_productvariant; Type: TABLE; Schema: public; Owner: factory_admin
--

CREATE TABLE public.core_productvariant (
    id bigint NOT NULL,
    name character varying(100) NOT NULL,
    code character varying(50) NOT NULL,
    image character varying(100)
);


ALTER TABLE public.core_productvariant OWNER TO factory_admin;

--
-- Name: core_productvariant_id_seq; Type: SEQUENCE; Schema: public; Owner: factory_admin
--

ALTER TABLE public.core_productvariant ALTER COLUMN id ADD GENERATED BY DEFAULT AS IDENTITY (
    SEQUENCE NAME public.core_productvariant_id_seq
    START WITH 1
    INCREMENT BY 1
    NO MINVALUE
    NO MAXVALUE
    CACHE 1
);


--
-- Name: core_purchaseorder; Type: TABLE; Schema: public; Owner: factory_admin
--

CREATE TABLE public.core_purchaseorder (
    id bigint NOT NULL,
    quantity integer NOT NULL,
    created_at timestamp with time zone NOT NULL,
    status character varying(20) NOT NULL,
    part_id bigint NOT NULL
);


ALTER TABLE public.core_purchaseorder OWNER TO factory_admin;

--
-- Name: core_purchaseorder_id_seq; Type: SEQUENCE; Schema: public; Owner: factory_admin
--

ALTER TABLE public.core_purchaseorder ALTER COLUMN id ADD GENERATED BY DEFAULT AS IDENTITY (
    SEQUENCE NAME public.core_purchaseorder_id_seq
    START WITH 1
    INCREMENT BY 1
    NO MINVALUE
    NO MAXVALUE
    CACHE 1
);


--
-- Name: core_steppart; Type: TABLE; Schema: public; Owner: factory_admin
--

CREATE TABLE public.core_steppart (
    id bigint NOT NULL,
    quantity integer NOT NULL,
    assembly_step_id bigint NOT NULL,
    part_id bigint NOT NULL,
    package_number character varying(50)
);


ALTER TABLE public.core_steppart OWNER TO factory_admin;

--
-- Name: core_steppart_id_seq; Type: SEQUENCE; Schema: public; Owner: factory_admin
--

ALTER TABLE public.core_steppart ALTER COLUMN id ADD GENERATED BY DEFAULT AS IDENTITY (
    SEQUENCE NAME public.core_steppart_id_seq
    START WITH 1
    INCREMENT BY 1
    NO MINVALUE
    NO MAXVALUE
    CACHE 1
);


--
-- Name: core_taskcategory; Type: TABLE; Schema: public; Owner: factory_admin
--

CREATE TABLE public.core_taskcategory (
    id bigint NOT NULL,
    name character varying(100) NOT NULL,
    ordering integer NOT NULL
);


ALTER TABLE public.core_taskcategory OWNER TO factory_admin;

--
-- Name: core_taskcategory_id_seq; Type: SEQUENCE; Schema: public; Owner: factory_admin
--

ALTER TABLE public.core_taskcategory ALTER COLUMN id ADD GENERATED BY DEFAULT AS IDENTITY (
    SEQUENCE NAME public.core_taskcategory_id_seq
    START WITH 1
    INCREMENT BY 1
    NO MINVALUE
    NO MAXVALUE
    CACHE 1
);


--
-- Name: core_tasklog; Type: TABLE; Schema: public; Owner: factory_admin
--

CREATE TABLE public.core_tasklog (
    id bigint NOT NULL,
    start_time timestamp with time zone NOT NULL,
    end_time timestamp with time zone,
    was_intervened boolean NOT NULL,
    assembly_step_id bigint NOT NULL,
    truck_run_id bigint NOT NULL,
    status_color character varying(10),
    operator_id bigint
);


ALTER TABLE public.core_tasklog OWNER TO factory_admin;

--
-- Name: core_tasklog_id_seq; Type: SEQUENCE; Schema: public; Owner: factory_admin
--

ALTER TABLE public.core_tasklog ALTER COLUMN id ADD GENERATED BY DEFAULT AS IDENTITY (
    SEQUENCE NAME public.core_tasklog_id_seq
    START WITH 1
    INCREMENT BY 1
    NO MINVALUE
    NO MAXVALUE
    CACHE 1
);


--
-- Name: core_truckrun; Type: TABLE; Schema: public; Owner: factory_admin
--

CREATE TABLE public.core_truckrun (
    id bigint NOT NULL,
    start_time timestamp with time zone NOT NULL,
    is_active boolean NOT NULL,
    product_id bigint NOT NULL,
    workstation_id bigint,
    truck_serial_number character varying(100) NOT NULL,
    current_station integer NOT NULL,
    is_finished boolean NOT NULL,
    status character varying(20) NOT NULL
);


ALTER TABLE public.core_truckrun OWNER TO factory_admin;

--
-- Name: core_truckrun_id_seq; Type: SEQUENCE; Schema: public; Owner: factory_admin
--

ALTER TABLE public.core_truckrun ALTER COLUMN id ADD GENERATED BY DEFAULT AS IDENTITY (
    SEQUENCE NAME public.core_truckrun_id_seq
    START WITH 1
    INCREMENT BY 1
    NO MINVALUE
    NO MAXVALUE
    CACHE 1
);


--
-- Name: core_worker; Type: TABLE; Schema: public; Owner: factory_admin
--

CREATE TABLE public.core_worker (
    id bigint NOT NULL,
    name character varying(100) NOT NULL,
    badge_id character varying(20) NOT NULL,
    role character varying(20) NOT NULL,
    assigned_station_id bigint,
    qr_code character varying(100),
    photo character varying(100),
    face_descriptor jsonb,
    is_substitute boolean NOT NULL,
    substituted_by_id bigint
);


ALTER TABLE public.core_worker OWNER TO factory_admin;

--
-- Name: core_worker_id_seq; Type: SEQUENCE; Schema: public; Owner: factory_admin
--

ALTER TABLE public.core_worker ALTER COLUMN id ADD GENERATED BY DEFAULT AS IDENTITY (
    SEQUENCE NAME public.core_worker_id_seq
    START WITH 1
    INCREMENT BY 1
    NO MINVALUE
    NO MAXVALUE
    CACHE 1
);


--
-- Name: core_workstation; Type: TABLE; Schema: public; Owner: factory_admin
--

CREATE TABLE public.core_workstation (
    id bigint NOT NULL,
    name character varying(50) NOT NULL,
    slug character varying(50) NOT NULL,
    ip_address inet NOT NULL,
    is_active boolean NOT NULL,
    reset_pin character varying(4) NOT NULL
);


ALTER TABLE public.core_workstation OWNER TO factory_admin;

--
-- Name: core_workstation_id_seq; Type: SEQUENCE; Schema: public; Owner: factory_admin
--

ALTER TABLE public.core_workstation ALTER COLUMN id ADD GENERATED BY DEFAULT AS IDENTITY (
    SEQUENCE NAME public.core_workstation_id_seq
    START WITH 1
    INCREMENT BY 1
    NO MINVALUE
    NO MAXVALUE
    CACHE 1
);


--
-- Name: django_admin_log; Type: TABLE; Schema: public; Owner: factory_admin
--

CREATE TABLE public.django_admin_log (
    id integer NOT NULL,
    action_time timestamp with time zone NOT NULL,
    object_id text,
    object_repr character varying(200) NOT NULL,
    action_flag smallint NOT NULL,
    change_message text NOT NULL,
    content_type_id integer,
    user_id integer NOT NULL,
    CONSTRAINT django_admin_log_action_flag_check CHECK ((action_flag >= 0))
);


ALTER TABLE public.django_admin_log OWNER TO factory_admin;

--
-- Name: django_admin_log_id_seq; Type: SEQUENCE; Schema: public; Owner: factory_admin
--

ALTER TABLE public.django_admin_log ALTER COLUMN id ADD GENERATED BY DEFAULT AS IDENTITY (
    SEQUENCE NAME public.django_admin_log_id_seq
    START WITH 1
    INCREMENT BY 1
    NO MINVALUE
    NO MAXVALUE
    CACHE 1
);


--
-- Name: django_content_type; Type: TABLE; Schema: public; Owner: factory_admin
--

CREATE TABLE public.django_content_type (
    id integer NOT NULL,
    app_label character varying(100) NOT NULL,
    model character varying(100) NOT NULL
);


ALTER TABLE public.django_content_type OWNER TO factory_admin;

--
-- Name: django_content_type_id_seq; Type: SEQUENCE; Schema: public; Owner: factory_admin
--

ALTER TABLE public.django_content_type ALTER COLUMN id ADD GENERATED BY DEFAULT AS IDENTITY (
    SEQUENCE NAME public.django_content_type_id_seq
    START WITH 1
    INCREMENT BY 1
    NO MINVALUE
    NO MAXVALUE
    CACHE 1
);


--
-- Name: django_migrations; Type: TABLE; Schema: public; Owner: factory_admin
--

CREATE TABLE public.django_migrations (
    id bigint NOT NULL,
    app character varying(255) NOT NULL,
    name character varying(255) NOT NULL,
    applied timestamp with time zone NOT NULL
);


ALTER TABLE public.django_migrations OWNER TO factory_admin;

--
-- Name: django_migrations_id_seq; Type: SEQUENCE; Schema: public; Owner: factory_admin
--

ALTER TABLE public.django_migrations ALTER COLUMN id ADD GENERATED BY DEFAULT AS IDENTITY (
    SEQUENCE NAME public.django_migrations_id_seq
    START WITH 1
    INCREMENT BY 1
    NO MINVALUE
    NO MAXVALUE
    CACHE 1
);


--
-- Name: django_session; Type: TABLE; Schema: public; Owner: factory_admin
--

CREATE TABLE public.django_session (
    session_key character varying(40) NOT NULL,
    session_data text NOT NULL,
    expire_date timestamp with time zone NOT NULL
);


ALTER TABLE public.django_session OWNER TO factory_admin;

--
-- Data for Name: auth_group; Type: TABLE DATA; Schema: public; Owner: factory_admin
--

COPY public.auth_group (id, name) FROM stdin;
\.


--
-- Data for Name: auth_group_permissions; Type: TABLE DATA; Schema: public; Owner: factory_admin
--

COPY public.auth_group_permissions (id, group_id, permission_id) FROM stdin;
\.


--
-- Data for Name: auth_permission; Type: TABLE DATA; Schema: public; Owner: factory_admin
--

COPY public.auth_permission (id, name, content_type_id, codename) FROM stdin;
1	Can add log entry	1	add_logentry
2	Can change log entry	1	change_logentry
3	Can delete log entry	1	delete_logentry
4	Can view log entry	1	view_logentry
5	Can add permission	2	add_permission
6	Can change permission	2	change_permission
7	Can delete permission	2	delete_permission
8	Can view permission	2	view_permission
9	Can add group	3	add_group
10	Can change group	3	change_group
11	Can delete group	3	delete_group
12	Can view group	3	view_group
13	Can add user	4	add_user
14	Can change user	4	change_user
15	Can delete user	4	delete_user
16	Can view user	4	view_user
17	Can add content type	5	add_contenttype
18	Can change content type	5	change_contenttype
19	Can delete content type	5	delete_contenttype
20	Can view content type	5	view_contenttype
21	Can add session	6	add_session
22	Can change session	6	change_session
23	Can delete session	6	delete_session
24	Can view session	6	view_session
25	Can add assembly step	8	add_assemblystep
26	Can change assembly step	8	change_assemblystep
27	Can delete assembly step	8	delete_assemblystep
28	Can view assembly step	8	view_assemblystep
29	Can add product variant	9	add_productvariant
30	Can change product variant	9	change_productvariant
31	Can delete product variant	9	delete_productvariant
32	Can view product variant	9	view_productvariant
33	Can add work station	7	add_workstation
34	Can change work station	7	change_workstation
35	Can delete work station	7	delete_workstation
36	Can view work station	7	view_workstation
37	Can add truck run	10	add_truckrun
38	Can change truck run	10	change_truckrun
39	Can delete truck run	10	delete_truckrun
40	Can view truck run	10	view_truckrun
41	Can add task log	11	add_tasklog
42	Can change task log	11	change_tasklog
43	Can delete task log	11	delete_tasklog
44	Can view task log	11	view_tasklog
45	Can add task category	12	add_taskcategory
46	Can change task category	12	change_taskcategory
47	Can delete task category	12	delete_taskcategory
48	Can view task category	12	view_taskcategory
49	Can add worker	13	add_worker
50	Can change worker	13	change_worker
51	Can delete worker	13	delete_worker
52	Can view worker	13	view_worker
53	Can add order	14	add_order
54	Can change order	14	change_order
55	Can delete order	14	delete_order
56	Can view order	14	view_order
57	Can add part consumption	15	add_partconsumption
58	Can change part consumption	15	change_partconsumption
59	Can delete part consumption	15	delete_partconsumption
60	Can view part consumption	15	view_partconsumption
61	Can add inventory	16	add_inventory
62	Can change inventory	16	change_inventory
63	Can delete inventory	16	delete_inventory
64	Can view inventory	16	view_inventory
65	Can add part	17	add_part
66	Can change part	17	change_part
67	Can delete part	17	delete_part
68	Can view part	17	view_part
69	Can add step part	18	add_steppart
70	Can change step part	18	change_steppart
71	Can delete step part	18	delete_steppart
72	Can view step part	18	view_steppart
73	Can add purchase order	19	add_purchaseorder
74	Can change purchase order	19	change_purchaseorder
75	Can delete purchase order	19	delete_purchaseorder
76	Can view purchase order	19	view_purchaseorder
77	Can add production order	20	add_productionorder
78	Can change production order	20	change_productionorder
79	Can delete production order	20	delete_productionorder
80	Can view production order	20	view_productionorder
81	Can add Модель трактора	21	add_product
82	Can change Модель трактора	21	change_product
83	Can delete Модель трактора	21	delete_product
84	Can view Модель трактора	21	view_product
85	Can add Журнал дефектов	22	add_defectlog
86	Can change Журнал дефектов	22	change_defectlog
87	Can delete Журнал дефектов	22	delete_defectlog
88	Can view Журнал дефектов	22	view_defectlog
\.


--
-- Data for Name: auth_user; Type: TABLE DATA; Schema: public; Owner: factory_admin
--

COPY public.auth_user (id, password, last_login, is_superuser, username, first_name, last_name, email, is_staff, is_active, date_joined) FROM stdin;
1	pbkdf2_sha256$720000$an3C6F2041LRP6pKJ3QMjx$rF/lTFafCZYqeQHRrL/d0QZ2QZWymH1CdqSA0cIVw7o=	2026-02-22 04:26:19.029748+00	t	admin				t	t	2026-02-14 09:25:32.850198+00
2	pbkdf2_sha256$720000$wP3LgX1fYiEAWvindyWdXM$Tf3rOK7WUENcP/t4mP7lmmf4Z1AcGp2MKWHn65LF4ck=	2026-03-25 17:20:31.623976+00	t	salam			salam@gmail.com	t	t	2026-03-05 08:45:17.271374+00
\.


--
-- Data for Name: auth_user_groups; Type: TABLE DATA; Schema: public; Owner: factory_admin
--

COPY public.auth_user_groups (id, user_id, group_id) FROM stdin;
\.


--
-- Data for Name: auth_user_user_permissions; Type: TABLE DATA; Schema: public; Owner: factory_admin
--

COPY public.auth_user_user_permissions (id, user_id, permission_id) FROM stdin;
\.


--
-- Data for Name: core_assemblystep; Type: TABLE DATA; Schema: public; Owner: factory_admin
--

COPY public.core_assemblystep (id, step_number, description, tooling, torque, product_id, workstation_id, standard_duration_seconds, category_id, heading) FROM stdin;
233	18	Смазать кольца маслом. Надеть кольцо на штуцер ввертный и ввернуть его в левое отверстие цилиндра. Надеть кольцо на клапан замедлительный и ввернуть его в правое отверстие цилиндра. Завернуть рукава на резьбовую часть ранее установленных штуцеров на цилиндры. Присоединить вторые концы РВД на силовом регуляторе (скручивание РВД не допускается).	Ключ гаечный S=24;	50…60 Nm	4	22	3000	\N	Установка заднего навесного устройства.
234	19	Закрепить РВД			4	22	3000	\N	Установка заднего навесного устройства.
235	20	Установить раскосы в проушины рычагов кронштейна навески. Совместить отверстия. Вставить пальцы. Навернуть гайки. Вставить и развести шплинты.	Молоток Очки защитные		4	22	3000	\N	Установка заднего навесного устройства.
236	21	Установить ось в отверстия моста заднего, совместно с втулкой.	Молоток \nОчки защитные\nОправка		4	22	3000	\N	Установка заднего навесного устройства.
237	22	Надеть на ось шайбы. Надеть на ось тяги. Надеть на концы оси втулки, завернуть гайки, в совмещенные отверстия оси и гайки установить шплинты, развести усы шплинтов в стороны.			4	22	3000	\N	Установка заднего навесного устройства.
238	23	Установить тягу верхнюю в проушину серьги трансмиссии и зафиксировать пальцем, втулками, чекой и кольцом			4	22	3000	\N	Установка заднего навесного устройства.
239	24	Совместить круглые отверстия в раскосах с отверстиями в тягах. Установить пальцы. Надеть шайбы. Установить  фигурные шплинты.			4	22	3000	\N	Установка заднего навесного устройства.
240	25	Соединить стяжки внутренней блокировки с тягами используя серьги, болты, гайки и шплинты..			4	22	3000	\N	Установка заднего навесного устройства.
241	26	Установить кронштейн и закрепить болтами с шайбами. Под головку дальнего болта установить перемычку.	Головка S17\nГайковерт   67..85 Nm		4	22	3000	\N	Установка заднего навесного устройства.
242	27	Установить на рычаг раскоса			4	22	3000	\N	Установка заднего навесного устройства.
243	28	Закрепить ранее установленные кронштейны болтами с шайбами	Ключ S-22	160..200 Nm	4	22	600	\N	2.4 Установка кронштейнов кабины.
244	29	Установить раму на полураму и закрепить болтами с шайбами			4	22	600	\N	2.5 Установка рамы облицовки.
245	30	Закрепить болтами с шайбами			4	22	600	\N	2.6 Установка кронштейнов облицовки и ГОРУ на корпус гидроагрегатов
246	31	Закрепить хомутик с профилем на корпусе маслобака			4	22	600	\N	2.6 Установка кронштейнов облицовки и ГОРУ на корпус гидроагрегатов
247	32	Подсоединить разъемы жгута к клеммам ранее установленных датчиков, проложить по трассе и закрепить манжетами, хомутком с втулкой (на корпусе муфты сцепления).			4	22	1200	\N	2.7 Электрооборудование трансмиссии
312	1	Набить порядковый номер трактора на лонжероне.	Маркиратор		4	21	1200	\N	1.1 Установка и сборка полурамы с осью передней
313	2	1. Установить ось переднюю на тележку-подставку конвейера.\n2. Установить полураму на мост передний. \n3. Совместить крепежные отверстия в полураме и мосте переднем.\n4. Смазать ось качания смазкой, установить в совмещенное отверстие моста и полурамы и застопорить пальцем и шплинтом.	Захват 7808-5025 Тележка-подставка.\nЗахват 7808-5265.\nМолоток, очки, кисть		4	21	1200	\N	1.1 Установка и сборка полурамы с осью передней
314	3	Ввернуть масленки в поворотные кулаки оси передней.	Плоскогубцы / Ключ S=10		4	21	1200	\N	1.1 Установка и сборка полурамы с осью передней
315	4	Примечание. Установку всех датчиков выполнять используя герметик или мастику	Ключ S-22 / Ключ S-17-19 / Ключ S-19 (Момент: 10..15 Nm / 20..25 Nm / до упора)	10..15 Nm / 20..25 Nm / до упора	4	21	1500	\N	1.2 Установка датчиков и кронштейна
316	5	Отвернуть гайку крепления фильтра, установить кронштейн и закрепить			4	21	1500	\N	1.2 Установка датчиков и кронштейна
317	6	Закрепить под болт стартера			4	21	1500	\N	1.2 Установка датчиков и кронштейна
318	7	Вывернуть пробки из водяной помпы и корпуса термостата. Смазать резьбу штуцера герметиком и завернуть.	Ключ S=19 (Момент: 5..6 Nm)	5..6 Nm	4	21	1500	\N	1.3 Установка штуцеров и шлангов отопителя
319	8	Надеть хомуты на шланги. Шланги надеть на штуцеры. Затянуть хомуты. (Короткий шланг с верху)	Гайковерт\nголовка S=7 (Момент: 1,5..3 Nm)	1,5..3 Nm	4	21	1500	\N	1.3 Установка штуцеров и шлангов отопителя
320	9	Установить хомут с профилем на шланги. Закрепить к блоку двигателя болтом с шайбами.			4	21	1500	\N	1.3 Установка штуцеров и шлангов отопителя
321	10	Установить двигатель с муфтой сцепления на полураму. \nЗакрепить передние опоры двигателя на полураме.	Захват 7808-5156\nКлюч динамометрический / Гайковерт \nГоловка S22 / Ключ S22 (Момент: 160…200 Nm)	160…200 Nm	4	21	1200	\N	Установка двигателя с муфтой сцепления
322	11	Закрепить болтами двигатель с полурамой к корпусу сцепления	Ключ гаечный S22 / Ключ гаечный S24 / Гайковерт Головка S22 / Ключ динамометрический (Момент: 160…200 Nm)	160…200 Nm	4	21	1200	\N	Установка двигателя с муфтой сцепления
323	12	Установить болт в муфту сцепления			4	21	1200	\N	Установка двигателя с муфтой сцепления
324	13	Установить кронштейн на площадку двигателя спереди и закрепить болтами с шайбами			4	21	1800	\N	1.4 Установка компрессора кондиционера
325	14	Установить компрессор на кронштейн, закрепить болтами			4	21	1800	\N	1.4 Установка компрессора кондиционера
326	15	Установить шпильку в ушко компрессора, последовательно установить планку, закрепить гайками с шайбами			4	21	1800	\N	1.4 Установка компрессора кондиционера
327	16	Установить ремень на шкивы двигателя и компрессора, провести натяжку ремня и закрепить планку балтом с шайбой			4	21	1800	\N	1.4 Установка компрессора кондиционера
328	17	Вывернуть пробки из бонок цилиндра. Надеть на болты последовательно шайбу, переходник, шайбу и завернуть болты в бонки цилиндра	Ключ S-22 / Ключ динам (Момент: 60..80Nm)	60..80Nm	4	21	1200	\N	1.5   Установка цилиндра рулевой трапеции
329	18	Вынуть пробки и навернуть на переходники. Проложить рукава по трассе, установить цилиндр на ось переднюю, закрепить гайками и шплинтами.	Ключ S-19 Ключ динамометрический / Ключ S-30 (Момент: 30..40Nm / 180..200 Nm)	30..40Nm / 180..200 Nm	4	21	1200	\N	1.5   Установка цилиндра рулевой трапеции
330	19	Закрепить брус болтами с шайбами	Головка S22 (Момент: 160..200 Nm)	160..200 Nm	4	21	1200	\N	1.5   Установка цилиндра рулевой трапеции
331	20	Отвернуть гайки.                  Установить тягу и закрепить гайками со шплинтами.	Ключ S-30 Ключ динамометрический / Головка S30 (Момент: 180..200Nm)	180..200Nm	4	21	1200	\N	1.5   Установка цилиндра рулевой трапеции
332	21	Смазать герметиком. Установить на муфту сцепления	Гайковерт\nГоловка \nS-22\n Ключ динамометрический (Момент: 160..200 Nm)	160..200 Nm	4	21	2400	\N	1.6   Крепление трансмиссии к корпусу муфты сцепления
216	1	Установить корпус гидросистемы на подставку, Предварительно сняв крышку технологическую.			4	22	3000	\N	2.1  Установка корпуса гидросистемы.
217	2	Вывернуть болты с корпуса снизу слева и установить кронштейн, закрепив ранее снятыми болтами.	Гайковерт \nГоловка S12	20..25Nm	4	22	3000	\N	2.1  Установка корпуса гидросистемы.
218	3	Смазать герметиком место под установку корпуса гидросистемы на муфте сцепления, уложить прокладку и смазать ее с другой стороны,	Кисть Ванночка		4	22	3000	\N	2.1  Установка корпуса гидросистемы.
219	4	Установить подсобранный корпус гидросистемы и закрепить болтами с пластинами. Края пластины отогнуть на грани болтов.	Ключ S-19    Молоток Зубило     Захват	90…100 Nm	4	22	3000	\N	2.1  Установка корпуса гидросистемы.
220	5	Навернуть наконечник на рычаг до упора.			4	22	3000	\N	2.1  Установка корпуса гидросистемы.
221	6	Установить РВД на штуцера гидросистемы и затянуть накидные гайки. Проложить РВД по трассе с левой стороны.	Ключ гаечный S=24;	50…60 Nm	4	22	3000	\N	2.2 Установка маслопроводов гидросистемы
222	7	Закрепить РВД к кронштейну на крышке коробки передач с левой стороны, планкой с болтом и шайбой.			4	22	3000	\N	2.2 Установка маслопроводов гидросистемы
223	8	Вывернуть болт на корпусе заднего моста, надеть хомут на РВД, установить на корпус и закрепить болтом.			4	22	3000	\N	2.2 Установка маслопроводов гидросистемы
224	9	Установить на задний левый кронштейн кабины кронштейн и закрепить болтами с шайбами и гайками.	Гайковерт;\nГоловка S17;\nКлюч гаечный S=14x17;\nКлюч динамометрический;		4	22	3000	\N	2.2 Установка маслопроводов гидросистемы
225	10	Закрепить РВД к ранее установленному кронштейну планками, болтом с шайбой, втулкой и гайкой.			4	22	3000	\N	2.2 Установка маслопроводов гидросистемы
226	11	Вернуть муфту быстро соединяемую в накидные гайки РВД	Ключ гаечный S=24x27;	50…60 Nm	4	22	3000	\N	2.2 Установка маслопроводов гидросистемы
227	12	Закрепить к кронштейнам РВД с левой и правой стороны корпуса гидросистемы планками, с болтами, шайбами, гайками.			4	22	3000	\N	2.2 Установка маслопроводов гидросистемы
228	13	Завернуть масленки в кронштейн	Ключ S-10	10..20Nm	4	22	3000	\N	Установка заднего навесного устройства.
229	14	Установить на палец захвата шайбу, стопор, вторую шайбу и зафиксировать шплинтом.	Ключ динамометрический		4	22	3000	\N	Установка заднего навесного устройства.
230	15	Установить тягу в стопор со стороны цилиндра, длинным концом и зафиксировать шплинтом			4	22	3000	\N	Установка заднего навесного устройства.
231	16	Установить палец. Установить шплинт.	Молоток		4	22	3000	\N	Установка заднего навесного устройства.
232	17	Совместить кулак кронштейна навески со штоком цилиндра. Вставить ранее вынутый палец. Одеть шайбу. Установить шплинт и развести усы. Прикрепить стопор ранее вывернутыми болтами М8 с шайбами 8 ОТ. Установить пружину.	Молоток\nОчки защитные		4	22	3000	\N	Установка заднего навесного устройства.
333	22	Совместить штифты, шлицы и пристыковать			4	21	2400	\N	1.6   Крепление трансмиссии к корпусу муфты сцепления
334	23	Одеть на болты			4	21	2400	\N	1.6   Крепление трансмиссии к корпусу муфты сцепления
335	24	Завернуть болты в коробку передач			4	21	2400	\N	1.6   Крепление трансмиссии к корпусу муфты сцепления
336	25	Завернуть болты справой стороны в отверстия муфты сцепления с кронштейном \nпневмоситемы. Второй кронштейн баллона устанавливать на крайние отверстия в муфте сцепления.			4	21	600	\N	1.7   Установка кронштейна баллона
337	26	Снять со свечей накаливания защитные колпачки и закрепить отростки жгута гайками с шайбами			4	21	600	\N	1.9 Установка жгута свечей накаливания
338	27	Закрепить жгут манжетами к топливным трубкам			4	21	600	\N	1.9 Установка жгута свечей накаливания
339	28	Установить кронштейны кабины на муфту сцепления болтами с шайбами. Болты наживить.			4	21	600	\N	1.10 Установка кронштейнов кабины
340	29	Установить буксир передний на полураму. Прикрепить болтами с шайбами и гайками.	Гайковерт Головка S22 (Момент: 160…180 Нм)	160…180 Нм	4	21	1200	\N	1.11 Установка буксира переднего
\.


--
-- Data for Name: core_defectlog; Type: TABLE DATA; Schema: public; Owner: factory_admin
--

COPY public.core_defectlog (id, category, description, is_critical, is_resolved, reported_at, resolved_at, assembly_step_id, truck_run_id, worker_id) FROM stdin;
3	MECH	ек	f	f	2026-03-23 19:37:42.452595+00	\N	315	229	37
5	MECH	апрпрпр	f	f	2026-03-23 19:42:19.168794+00	\N	332	229	17
4	MECH	не	t	t	2026-03-23 19:37:53.947802+00	\N	312	229	37
6	MECH	ttttttttttttt	f	f	2026-03-24 16:44:53.754026+00	\N	312	229	27
7	MECH	thhhhhhhhhbbbbbbbbbb	t	t	2026-03-24 16:45:08.363839+00	\N	337	229	22
8	MECH	ненен	f	f	2026-03-24 18:44:00.856426+00	\N	312	229	27
9	MECH	папикати	t	t	2026-03-24 18:44:14.323655+00	\N	312	229	27
10	MECH	вава вавмммс  мсм    смсм    смс	t	t	2026-03-24 18:48:55.288878+00	\N	312	229	17
\.


--
-- Data for Name: core_inventory; Type: TABLE DATA; Schema: public; Owner: factory_admin
--

COPY public.core_inventory (id, quantity, location, updated_at, part_id, critical_level, low_level) FROM stdin;
141	19	Станция 1	2026-03-20 13:02:46.937863+00	140	2	5
142	19	Станция 1	2026-03-20 13:02:46.94072+00	141	2	5
93	15	Станция 1	2026-03-20 13:22:31.722773+00	92	2	5
94	15	Станция 1	2026-03-20 13:22:31.726105+00	93	2	5
92	6	Станция 1	2026-03-20 13:24:19.81835+00	91	2	5
95	15	Станция 1	2026-03-23 19:00:04.521306+00	94	2	5
96	15	Станция 1	2026-03-23 19:00:04.536683+00	95	2	5
98	14	Станция 1	2026-03-23 19:02:36.624223+00	97	2	5
99	15	Станция 1	2026-03-23 19:02:36.637556+00	98	2	5
100	15	Станция 1	2026-03-23 19:02:36.640533+00	99	2	5
101	15	Станция 1	2026-03-23 19:02:36.643586+00	100	2	5
102	15	Станция 1	2026-03-23 19:02:36.647109+00	101	2	5
103	15	Станция 1	2026-03-23 19:02:36.650331+00	102	2	5
104	16	Станция 1	2026-03-23 19:02:44.4428+00	103	2	5
105	16	Станция 1	2026-03-23 19:03:02.026861+00	104	2	5
106	16	Станция 1	2026-03-23 19:03:02.03199+00	105	2	5
97	12	Станция 1	2026-03-25 16:38:08.397312+00	96	2	5
143	20	Станция 1	2026-03-16 09:56:32.997793+00	142	2	5
144	20	Станция 1	2026-03-16 09:56:33.000349+00	143	2	5
145	20	Станция 1	2026-03-16 09:56:33.003359+00	144	2	5
146	20	Станция 1	2026-03-16 09:56:33.006264+00	145	2	5
147	20	Станция 1	2026-03-16 09:56:33.008927+00	146	2	5
148	20	Станция 1	2026-03-16 09:56:33.011725+00	147	2	5
149	20	Станция 1	2026-03-16 09:56:33.014259+00	148	2	5
150	20	Станция 1	2026-03-16 09:56:33.017335+00	149	2	5
151	20	Станция 1	2026-03-16 09:56:33.020704+00	150	2	5
152	20	Станция 1	2026-03-16 09:56:33.024056+00	151	2	5
153	20	Станция 1	2026-03-16 09:56:33.027044+00	152	2	5
154	20	Станция 1	2026-03-16 09:56:33.030097+00	153	2	5
155	20	Станция 1	2026-03-16 09:56:33.032817+00	154	2	5
156	20	Станция 1	2026-03-16 09:56:33.035951+00	155	2	5
157	20	Станция 1	2026-03-16 09:56:33.038776+00	156	2	5
158	20	Станция 1	2026-03-16 09:56:33.04165+00	157	2	5
159	20	Станция 1	2026-03-16 09:56:33.045048+00	158	2	5
160	20	Станция 1	2026-03-16 09:56:33.04817+00	159	2	5
161	20	Станция 1	2026-03-16 09:56:33.05082+00	160	2	5
162	20	Станция 1	2026-03-16 09:56:33.053429+00	161	2	5
163	20	Станция 1	2026-03-16 09:56:33.056462+00	162	2	5
164	20	Станция 1	2026-03-16 09:56:33.059043+00	163	2	5
165	20	Станция 1	2026-03-16 09:56:33.06225+00	164	2	5
166	20	Станция 1	2026-03-16 09:56:33.065163+00	165	2	5
167	20	Станция 1	2026-03-16 09:56:33.068316+00	166	2	5
168	20	Станция 1	2026-03-16 09:56:33.071297+00	167	2	5
169	20	Станция 1	2026-03-16 09:56:33.074024+00	168	2	5
131	19	Станция 1	2026-03-20 13:02:40.618252+00	130	2	5
132	19	Станция 1	2026-03-20 13:02:40.630882+00	131	2	5
135	19	Станция 1	2026-03-20 13:02:40.642377+00	134	2	5
136	19	Станция 1	2026-03-20 13:02:43.750674+00	135	2	5
137	19	Станция 1	2026-03-20 13:02:43.756756+00	136	2	5
133	16	Станция 1	2026-03-20 13:02:43.760015+00	132	2	5
134	16	Станция 1	2026-03-20 13:02:43.763413+00	133	2	5
138	18	Станция 1	2026-03-20 13:02:43.766693+00	137	2	5
139	19	Станция 1	2026-03-20 13:02:46.917621+00	138	2	5
140	19	Станция 1	2026-03-20 13:02:46.931578+00	139	2	5
107	16	Станция 1	2026-03-24 16:46:04.489404+00	106	2	5
108	16	Станция 1	2026-03-24 16:46:09.821702+00	107	2	5
109	18	Станция 1	2026-03-24 16:46:09.835735+00	108	2	5
110	18	Станция 1	2026-03-24 16:46:09.840508+00	109	2	5
111	18	Станция 1	2026-03-24 16:46:12.94443+00	110	2	5
112	18	Станция 1	2026-03-24 16:46:12.957264+00	111	2	5
113	18	Станция 1	2026-03-24 16:46:12.960229+00	112	2	5
114	18	Станция 1	2026-03-24 16:46:12.962767+00	113	2	5
115	18	Станция 1	2026-03-24 16:46:12.965646+00	114	2	5
116	18	Станция 1	2026-03-24 16:46:19.549994+00	115	2	5
117	16	Станция 1	2026-03-24 16:46:19.563562+00	116	2	5
118	16	Станция 1	2026-03-24 16:46:19.566292+00	117	2	5
119	16	Станция 1	2026-03-24 16:46:19.569243+00	118	2	5
121	16	Станция 1	2026-03-24 16:46:19.574384+00	120	2	5
120	16	Станция 1	2026-03-24 16:47:15.317092+00	119	2	5
122	16	Станция 1	2026-03-24 16:47:15.330269+00	121	2	5
123	16	Станция 1	2026-03-24 16:47:15.33329+00	122	2	5
124	8	Станция 1	2026-03-24 16:47:15.336071+00	123	2	5
125	18	Станция 1	2026-03-24 18:39:51.280154+00	124	2	5
126	18	Станция 1	2026-03-24 18:39:51.293766+00	125	2	5
127	18	Станция 1	2026-03-24 18:39:51.297009+00	126	2	5
128	12	Станция 1	2026-03-25 16:35:28.642048+00	127	2	5
129	9	Станция 1	2026-03-25 16:35:28.649556+00	128	2	5
130	18	Станция 1	2026-03-25 16:35:28.652836+00	129	2	5
393	0	Станция 2	2026-03-19 16:57:14.667681+00	169	2	5
394	0	Станция 2	2026-03-19 16:57:14.671765+00	170	2	5
395	0	Станция 2	2026-03-19 16:57:14.673954+00	171	2	5
396	0	Станция 2	2026-03-19 16:57:14.675849+00	172	2	5
397	0	Станция 2	2026-03-19 16:57:14.677526+00	173	2	5
398	0	Станция 2	2026-03-19 16:57:14.679595+00	174	2	5
399	0	Станция 2	2026-03-19 16:57:14.681393+00	175	2	5
400	0	Станция 2	2026-03-19 16:57:14.683353+00	176	2	5
401	0	Станция 2	2026-03-19 16:57:14.685068+00	177	2	5
402	0	Станция 2	2026-03-19 16:57:14.687039+00	178	2	5
403	0	Станция 2	2026-03-19 16:57:14.688932+00	179	2	5
404	0	Станция 2	2026-03-19 16:57:14.69073+00	180	2	5
405	0	Станция 2	2026-03-19 16:57:14.692553+00	181	2	5
406	0	Станция 2	2026-03-19 16:57:14.694295+00	182	2	5
407	0	Станция 2	2026-03-19 16:57:14.695886+00	183	2	5
408	0	Станция 2	2026-03-19 16:57:14.697498+00	184	2	5
409	0	Станция 2	2026-03-19 16:57:14.699321+00	133	2	5
410	0	Станция 2	2026-03-19 16:57:14.70121+00	185	2	5
411	0	Станция 2	2026-03-19 16:57:14.703198+00	186	2	5
412	0	Станция 2	2026-03-19 16:57:14.705458+00	187	2	5
413	0	Станция 2	2026-03-19 16:57:14.707068+00	188	2	5
414	0	Станция 2	2026-03-19 16:57:14.709307+00	189	2	5
415	0	Станция 2	2026-03-19 16:57:14.711074+00	190	2	5
416	0	Станция 2	2026-03-19 16:57:14.712999+00	191	2	5
417	0	Станция 2	2026-03-19 16:57:14.717397+00	192	2	5
418	0	Станция 2	2026-03-19 16:57:14.719441+00	96	2	5
419	0	Станция 2	2026-03-19 16:57:14.721285+00	193	2	5
420	0	Станция 2	2026-03-19 16:57:14.723062+00	194	2	5
421	0	Станция 2	2026-03-19 16:57:14.72471+00	195	2	5
422	0	Станция 2	2026-03-19 16:57:14.726419+00	196	2	5
423	0	Станция 2	2026-03-19 16:57:14.728172+00	197	2	5
424	0	Станция 2	2026-03-19 16:57:14.729959+00	198	2	5
425	0	Станция 2	2026-03-19 16:57:14.731629+00	199	2	5
426	0	Станция 2	2026-03-19 16:57:14.733423+00	200	2	5
427	0	Станция 2	2026-03-19 16:57:14.735067+00	201	2	5
428	0	Станция 2	2026-03-19 16:57:14.737445+00	202	2	5
429	0	Станция 2	2026-03-19 16:57:14.739303+00	203	2	5
430	0	Станция 2	2026-03-19 16:57:14.741052+00	112	2	5
431	0	Станция 2	2026-03-19 16:57:14.743444+00	204	2	5
432	0	Станция 2	2026-03-19 16:57:14.745105+00	205	2	5
433	0	Станция 2	2026-03-19 16:57:14.746722+00	206	2	5
434	0	Станция 2	2026-03-19 16:57:14.748729+00	207	2	5
435	0	Станция 2	2026-03-19 16:57:14.750748+00	208	2	5
436	0	Станция 2	2026-03-19 16:57:14.752514+00	132	2	5
437	0	Станция 2	2026-03-19 16:57:14.754338+00	209	2	5
438	0	Станция 2	2026-03-19 16:57:14.756273+00	210	2	5
439	0	Станция 2	2026-03-19 16:57:14.7587+00	114	2	5
440	0	Станция 2	2026-03-19 16:57:14.760561+00	211	2	5
441	0	Станция 2	2026-03-19 16:57:14.762319+00	212	2	5
442	0	Станция 2	2026-03-19 16:57:14.764086+00	213	2	5
443	0	Станция 2	2026-03-19 16:57:14.766212+00	214	2	5
444	0	Станция 2	2026-03-19 16:57:14.768019+00	95	2	5
445	0	Станция 2	2026-03-19 16:57:14.769867+00	215	2	5
446	0	Станция 2	2026-03-19 16:57:14.77173+00	216	2	5
447	0	Станция 2	2026-03-19 16:57:14.773574+00	217	2	5
448	0	Станция 2	2026-03-19 16:57:14.775496+00	218	2	5
449	0	Станция 2	2026-03-19 16:57:14.777328+00	219	2	5
450	0	Станция 2	2026-03-19 16:57:14.779418+00	220	2	5
451	0	Станция 2	2026-03-19 16:57:14.782208+00	221	2	5
452	0	Станция 2	2026-03-19 16:57:14.784145+00	222	2	5
453	0	Станция 2	2026-03-19 16:57:14.786214+00	223	2	5
454	0	Станция 2	2026-03-19 16:57:14.788101+00	224	2	5
455	0	Станция 2	2026-03-19 16:57:14.789954+00	225	2	5
456	0	Станция 2	2026-03-19 16:57:14.791811+00	226	2	5
457	0	Станция 2	2026-03-19 16:57:14.793743+00	227	2	5
458	0	Станция 2	2026-03-19 16:57:14.795654+00	228	2	5
459	0	Станция 2	2026-03-19 16:57:14.797652+00	229	2	5
460	0	Станция 2	2026-03-19 16:57:14.79955+00	230	2	5
461	0	Станция 2	2026-03-19 16:57:14.802071+00	231	2	5
462	0	Станция 2	2026-03-19 16:57:14.803794+00	232	2	5
463	0	Станция 2	2026-03-19 16:57:14.805677+00	233	2	5
464	0	Станция 2	2026-03-19 16:57:14.807817+00	234	2	5
465	0	Станция 2	2026-03-19 16:57:14.809525+00	235	2	5
466	0	Станция 2	2026-03-19 16:57:14.811301+00	236	2	5
467	0	Станция 2	2026-03-19 16:57:14.813336+00	237	2	5
468	0	Станция 2	2026-03-19 16:57:14.815141+00	238	2	5
469	0	Станция 2	2026-03-19 16:57:14.816864+00	162	2	5
470	0	Станция 2	2026-03-19 16:57:14.818496+00	163	2	5
471	0	Станция 2	2026-03-19 16:57:14.820627+00	239	2	5
472	0	Станция 2	2026-03-19 16:57:14.822418+00	240	2	5
473	0	Станция 2	2026-03-19 16:57:14.824087+00	241	2	5
474	0	Станция 2	2026-03-19 16:57:14.826777+00	139	2	5
475	0	Станция 2	2026-03-19 16:57:14.82895+00	128	2	5
476	0	Станция 2	2026-03-19 16:57:14.830779+00	242	2	5
477	0	Станция 2	2026-03-19 16:57:14.832607+00	243	2	5
478	0	Станция 2	2026-03-19 16:57:14.835469+00	244	2	5
479	0	Станция 2	2026-03-19 16:57:14.837661+00	245	2	5
480	0	Станция 2	2026-03-19 16:57:14.840184+00	246	2	5
481	0	Станция 2	2026-03-19 16:57:14.842032+00	247	2	5
482	0	Станция 2	2026-03-19 16:57:14.844955+00	248	2	5
483	0	Станция 2	2026-03-19 16:57:14.847252+00	249	2	5
484	0	Станция 2	2026-03-19 16:57:14.849167+00	250	2	5
485	0	Станция 2	2026-03-19 16:57:14.850687+00	251	2	5
486	0	Станция 2	2026-03-19 16:57:14.852247+00	252	2	5
487	0	Станция 3	2026-03-19 16:57:14.881226+00	253	2	5
488	0	Станция 3	2026-03-19 16:57:14.883055+00	254	2	5
489	0	Станция 3	2026-03-19 16:57:14.884628+00	255	2	5
490	0	Станция 3	2026-03-19 16:57:14.886118+00	256	2	5
491	0	Станция 3	2026-03-19 16:57:14.887663+00	257	2	5
492	0	Станция 3	2026-03-19 16:57:14.889911+00	258	2	5
493	0	Станция 3	2026-03-19 16:57:14.891795+00	259	2	5
494	0	Станция 3	2026-03-19 16:57:14.895806+00	260	2	5
495	0	Станция 3	2026-03-19 16:57:14.897464+00	261	2	5
496	0	Станция 3	2026-03-19 16:57:14.899567+00	262	2	5
497	0	Станция 3	2026-03-19 16:57:14.901166+00	263	2	5
498	0	Станция 3	2026-03-19 16:57:14.90275+00	264	2	5
499	0	Станция 3	2026-03-19 16:57:14.904364+00	265	2	5
500	0	Станция 3	2026-03-19 16:57:14.906599+00	266	2	5
501	0	Станция 3	2026-03-19 16:57:14.908888+00	267	2	5
502	0	Станция 3	2026-03-19 16:57:14.910709+00	268	2	5
503	0	Станция 3	2026-03-19 16:57:14.912423+00	206	2	5
504	0	Станция 3	2026-03-19 16:57:14.914873+00	269	2	5
505	0	Станция 3	2026-03-19 16:57:14.916574+00	270	2	5
506	0	Станция 3	2026-03-19 16:57:14.918045+00	271	2	5
507	0	Станция 3	2026-03-19 16:57:14.919811+00	272	2	5
508	0	Станция 3	2026-03-19 16:57:14.922062+00	273	2	5
509	0	Станция 3	2026-03-19 16:57:14.923739+00	274	2	5
510	0	Станция 3	2026-03-19 16:57:14.925438+00	275	2	5
511	0	Станция 3	2026-03-19 16:57:14.927174+00	276	2	5
512	0	Станция 3	2026-03-19 16:57:14.929352+00	277	2	5
513	0	Станция 3	2026-03-19 16:57:14.930872+00	278	2	5
514	0	Станция 3	2026-03-19 16:57:14.932454+00	279	2	5
515	0	Станция 3	2026-03-19 16:57:14.934161+00	280	2	5
516	0	Станция 3	2026-03-19 16:57:14.935921+00	281	2	5
517	0	Станция 3	2026-03-19 16:57:14.937776+00	282	2	5
518	0	Станция 3	2026-03-19 16:57:14.939674+00	283	2	5
519	0	Станция 3	2026-03-19 16:57:14.941171+00	284	2	5
520	0	Станция 3	2026-03-19 16:57:14.94264+00	285	2	5
521	0	Станция 3	2026-03-19 16:57:14.944529+00	286	2	5
522	0	Станция 3	2026-03-19 16:57:14.947351+00	187	2	5
523	0	Станция 3	2026-03-19 16:57:14.948981+00	114	2	5
524	0	Станция 3	2026-03-19 16:57:14.950497+00	188	2	5
525	0	Станция 3	2026-03-19 16:57:14.951937+00	287	2	5
526	0	Станция 3	2026-03-19 16:57:14.954872+00	112	2	5
527	0	Станция 3	2026-03-19 16:57:14.95653+00	189	2	5
528	0	Станция 3	2026-03-19 16:57:14.958756+00	288	2	5
529	0	Станция 3	2026-03-19 16:57:14.960521+00	289	2	5
530	0	Станция 3	2026-03-19 16:57:14.962443+00	290	2	5
531	0	Станция 3	2026-03-19 16:57:14.964311+00	291	2	5
532	0	Станция 3	2026-03-19 16:57:14.965906+00	292	2	5
533	0	Станция 3	2026-03-19 16:57:14.967706+00	241	2	5
534	0	Станция 3	2026-03-19 16:57:14.969731+00	196	2	5
535	0	Станция 3	2026-03-19 16:57:14.971998+00	293	2	5
536	0	Станция 3	2026-03-19 16:57:14.974272+00	294	2	5
537	0	Станция 3	2026-03-19 16:57:14.975958+00	295	2	5
538	0	Станция 3	2026-03-19 16:57:14.978093+00	296	2	5
539	0	Станция 3	2026-03-19 16:57:14.981558+00	245	2	5
540	0	Станция 3	2026-03-19 16:57:14.983087+00	297	2	5
541	0	Станция 3	2026-03-19 16:57:14.98538+00	298	2	5
542	0	Станция 3	2026-03-19 16:57:14.987249+00	299	2	5
543	0	Станция 3	2026-03-19 16:57:14.989102+00	300	2	5
544	0	Станция 3	2026-03-19 16:57:14.990998+00	301	2	5
545	0	Станция 3	2026-03-19 16:57:14.992543+00	302	2	5
546	0	Станция 3	2026-03-19 16:57:14.994224+00	303	2	5
547	0	Станция 3	2026-03-19 16:57:14.995762+00	304	2	5
548	0	Станция 3	2026-03-19 16:57:14.997218+00	240	2	5
549	0	Станция 3	2026-03-19 16:57:14.999757+00	305	2	5
550	0	Станция 3	2026-03-19 16:57:15.001349+00	306	2	5
551	0	Станция 3	2026-03-19 16:57:15.003115+00	307	2	5
552	0	Станция 3	2026-03-19 16:57:15.005145+00	308	2	5
553	0	Станция 3	2026-03-19 16:57:15.006693+00	309	2	5
554	0	Станция 3	2026-03-19 16:57:15.008201+00	310	2	5
555	0	Станция 3	2026-03-19 16:57:15.009852+00	311	2	5
556	0	Станция 3	2026-03-19 16:57:15.011396+00	312	2	5
557	0	Станция 3	2026-03-19 16:57:15.013231+00	313	2	5
558	0	Станция 3	2026-03-19 16:57:15.015265+00	314	2	5
559	0	Станция 3	2026-03-19 16:57:15.016985+00	315	2	5
560	0	Станция 3	2026-03-19 16:57:15.018793+00	316	2	5
561	0	Станция 3	2026-03-19 16:57:15.02122+00	317	2	5
562	0	Станция 3	2026-03-19 16:57:15.02272+00	318	2	5
563	0	Станция 3	2026-03-19 16:57:15.024192+00	319	2	5
564	0	Станция 3	2026-03-19 16:57:15.02568+00	320	2	5
565	0	Станция 3	2026-03-19 16:57:15.027186+00	133	2	5
566	0	Станция 3	2026-03-19 16:57:15.029317+00	321	2	5
567	0	Станция 3	2026-03-19 16:57:15.03129+00	322	2	5
568	0	Станция 3	2026-03-19 16:57:15.032793+00	323	2	5
569	0	Станция 3	2026-03-19 16:57:15.037733+00	324	2	5
570	0	Станция 3	2026-03-19 16:57:15.039858+00	325	2	5
571	0	Станция 3	2026-03-19 16:57:15.041682+00	326	2	5
572	0	Станция 3	2026-03-19 16:57:15.044043+00	161	2	5
573	0	Станция 3	2026-03-19 16:57:15.045795+00	249	2	5
574	0	Станция 4	2026-03-19 16:57:15.072209+00	327	2	5
575	0	Станция 4	2026-03-19 16:57:15.07387+00	328	2	5
576	0	Станция 4	2026-03-19 16:57:15.075519+00	329	2	5
577	0	Станция 4	2026-03-19 16:57:15.076999+00	330	2	5
578	0	Станция 4	2026-03-19 16:57:15.078867+00	331	2	5
579	0	Станция 4	2026-03-19 16:57:15.080624+00	332	2	5
580	0	Станция 4	2026-03-19 16:57:15.082259+00	333	2	5
581	0	Станция 4	2026-03-19 16:57:15.084087+00	334	2	5
582	0	Станция 4	2026-03-19 16:57:15.085696+00	335	2	5
583	0	Станция 4	2026-03-19 16:57:15.087583+00	336	2	5
584	0	Станция 4	2026-03-19 16:57:15.089655+00	337	2	5
585	0	Станция 4	2026-03-19 16:57:15.091452+00	338	2	5
586	0	Станция 4	2026-03-19 16:57:15.093047+00	339	2	5
587	0	Станция 4	2026-03-19 16:57:15.094993+00	340	2	5
588	0	Станция 4	2026-03-19 16:57:15.096518+00	285	2	5
589	0	Станция 4	2026-03-19 16:57:15.098156+00	284	2	5
590	0	Станция 4	2026-03-19 16:57:15.100336+00	341	2	5
591	0	Станция 4	2026-03-19 16:57:15.102129+00	342	2	5
592	0	Станция 4	2026-03-19 16:57:15.103956+00	343	2	5
593	0	Станция 4	2026-03-19 16:57:15.105596+00	344	2	5
594	0	Станция 4	2026-03-19 16:57:15.107298+00	345	2	5
595	0	Станция 4	2026-03-19 16:57:15.109169+00	264	2	5
596	0	Станция 4	2026-03-19 16:57:15.110755+00	346	2	5
597	0	Станция 4	2026-03-19 16:57:15.112939+00	149	2	5
598	0	Станция 4	2026-03-19 16:57:15.114529+00	347	2	5
599	0	Станция 4	2026-03-19 16:57:15.116103+00	164	2	5
600	0	Станция 4	2026-03-19 16:57:15.11752+00	348	2	5
601	0	Станция 4	2026-03-19 16:57:15.119251+00	251	2	5
602	0	Станция 4	2026-03-19 16:57:15.120745+00	349	2	5
603	0	Станция 4	2026-03-19 16:57:15.122162+00	133	2	5
604	0	Станция 4	2026-03-19 16:57:15.123821+00	128	2	5
605	0	Станция 4	2026-03-19 16:57:15.125414+00	350	2	5
606	0	Станция 4	2026-03-19 16:57:15.126893+00	351	2	5
607	0	Станция 4	2026-03-19 16:57:15.12851+00	352	2	5
608	0	Станция 4	2026-03-19 16:57:15.130222+00	353	2	5
609	0	Станция 4	2026-03-19 16:57:15.131903+00	233	2	5
610	0	Станция 4	2026-03-19 16:57:15.133342+00	354	2	5
611	0	Станция 4	2026-03-19 16:57:15.134741+00	355	2	5
612	0	Станция 4	2026-03-19 16:57:15.136262+00	356	2	5
613	0	Станция 4	2026-03-19 16:57:15.137713+00	357	2	5
614	0	Станция 4	2026-03-19 16:57:15.139712+00	207	2	5
615	0	Станция 4	2026-03-19 16:57:15.141756+00	358	2	5
616	0	Станция 4	2026-03-19 16:57:15.143422+00	189	2	5
617	0	Станция 4	2026-03-19 16:57:15.145158+00	359	2	5
618	0	Станция 4	2026-03-19 16:57:15.146834+00	360	2	5
619	0	Станция 4	2026-03-19 16:57:15.148474+00	184	2	5
620	0	Станция 4	2026-03-19 16:57:15.150096+00	361	2	5
621	0	Станция 4	2026-03-19 16:57:15.151898+00	362	2	5
622	0	Станция 4	2026-03-19 16:57:15.153531+00	263	2	5
623	0	Станция 4	2026-03-19 16:57:15.155275+00	363	2	5
624	0	Станция 4	2026-03-19 16:57:15.157027+00	107	2	5
625	0	Станция 4	2026-03-19 16:57:15.159334+00	364	2	5
626	0	Станция 4	2026-03-19 16:57:15.161585+00	179	2	5
627	0	Станция 4	2026-03-19 16:57:15.164444+00	365	2	5
628	0	Станция 4	2026-03-19 16:57:15.166995+00	119	2	5
629	0	Станция 4	2026-03-19 16:57:15.169169+00	366	2	5
630	0	Станция 4	2026-03-19 16:57:15.171016+00	367	2	5
631	0	Станция 4	2026-03-19 16:57:15.175639+00	368	2	5
632	0	Станция 4	2026-03-19 16:57:15.178513+00	178	2	5
633	0	Станция 4	2026-03-19 16:57:15.180398+00	369	2	5
634	0	Станция 4	2026-03-19 16:57:15.182215+00	370	2	5
635	0	Станция 4	2026-03-19 16:57:15.184543+00	240	2	5
636	0	Станция 4	2026-03-19 16:57:15.186377+00	371	2	5
637	0	Станция 4	2026-03-19 16:57:15.188057+00	372	2	5
638	0	Станция 4	2026-03-19 16:57:15.190011+00	373	2	5
639	0	Станция 4	2026-03-19 16:57:15.191785+00	374	2	5
640	0	Станция 4	2026-03-19 16:57:15.19346+00	375	2	5
641	0	Станция 4	2026-03-19 16:57:15.195147+00	196	2	5
642	0	Станция 5	2026-03-19 16:57:15.221976+00	376	2	5
643	0	Станция 5	2026-03-19 16:57:15.224122+00	377	2	5
644	0	Станция 5	2026-03-19 16:57:15.225814+00	378	2	5
645	0	Станция 5	2026-03-19 16:57:15.227767+00	379	2	5
646	0	Станция 5	2026-03-19 16:57:15.229872+00	380	2	5
647	0	Станция 5	2026-03-19 16:57:15.231626+00	284	2	5
648	0	Станция 5	2026-03-19 16:57:15.23359+00	381	2	5
649	0	Станция 5	2026-03-19 16:57:15.235509+00	249	2	5
650	0	Станция 5	2026-03-19 16:57:15.237193+00	382	2	5
651	0	Станция 5	2026-03-19 16:57:15.238896+00	112	2	5
652	0	Станция 5	2026-03-19 16:57:15.240557+00	306	2	5
653	0	Станция 5	2026-03-19 16:57:15.242297+00	383	2	5
654	0	Станция 5	2026-03-19 16:57:15.244504+00	384	2	5
655	0	Станция 5	2026-03-19 16:57:15.246119+00	385	2	5
656	0	Станция 5	2026-03-19 16:57:15.248058+00	386	2	5
657	0	Станция 5	2026-03-19 16:57:15.250594+00	387	2	5
658	0	Станция 5	2026-03-19 16:57:15.253175+00	285	2	5
659	0	Станция 5	2026-03-19 16:57:15.255531+00	388	2	5
660	0	Станция 5	2026-03-19 16:57:15.257728+00	389	2	5
661	0	Станция 5	2026-03-19 16:57:15.259745+00	390	2	5
662	0	Станция 5	2026-03-19 16:57:15.261907+00	391	2	5
663	0	Станция 5	2026-03-19 16:57:15.265263+00	392	2	5
664	0	Станция 5	2026-03-19 16:57:15.268013+00	393	2	5
665	0	Станция 5	2026-03-19 16:57:15.270675+00	394	2	5
666	0	Станция 5	2026-03-19 16:57:15.273853+00	395	2	5
667	0	Станция 5	2026-03-19 16:57:15.276445+00	396	2	5
668	0	Станция 5	2026-03-19 16:57:15.279555+00	397	2	5
669	0	Станция 5	2026-03-19 16:57:15.282933+00	398	2	5
\.


--
-- Data for Name: core_order; Type: TABLE DATA; Schema: public; Owner: factory_admin
--

COPY public.core_order (id, customer, delivery_date, quantity, created_at, is_planned, product_id) FROM stdin;
\.


--
-- Data for Name: core_part; Type: TABLE DATA; Schema: public; Owner: factory_admin
--

COPY public.core_part (id, code, name, unit, reorder_level, reorder_quantity) FROM stdin;
169	Р85-4600015-Б-02	Корпус гидросистемы	pcs	10	20
170	50-4608049	Прокладка	pcs	10	20
171	70-4608072	Пластина	pcs	10	20
172	70-4607168	Пластина	pcs	10	20
173	911141	Болт М14х1,5-6gх45.88.35.019 ГОСТ 7796-70	pcs	10	20
174	70-3401093	Наконечник рычага	pcs	10	20
175	780-4607140-03	Рукав высокого давления ф10х2SC	pcs	10	20
176	822-4607018-01	Кронштейн	pcs	10	20
177	Р90-4607021	Втулка	pcs	10	20
178	70-3407146	Планка	pcs	10	20
179	911036	Болт М8-6gх35.88.35.019 ГОСТ 7796-70	pcs	10	20
180	9160094          598166040	Шайба 8Т  ОСТ 37.001.115-75	pcs	10	20
181	Р1221-4607013	Хомут	pcs	10	20
182	ППР-50-02	Профиль	pcs	10	20
183	М80-4607014	Кронштейн	pcs	10	20
184	911065	Болт М10-6gх25.88.35.019 ГОСТ 7796-70	pcs	10	20
185	9160114      598166060	Шайба 10 ОТ ОСТ 37.001.115-75	pcs	10	20
186	40-4607029-А	Планка	pcs	10	20
187	911040	Болт М8-6gх45.88.35.019 ГОСТ 7795-70	pcs	10	20
188	913025	Гайка М8-6Н.6.019  ГОСТ 5915-70	pcs	10	20
189	916009	Шайба 8Т  ОСТ 37.001.115-75	pcs	10	20
190	4600.13	Муфта быстро соединяемая	pcs	10	20
191	М80-4607017	Кронштейн	pcs	10	20
192	916009  4598166046	Шайба 8Т  ОСТ 37.001.115-75	pcs	10	20
193	80-4619115	Захват	pcs	10	20
194	80-4619125	Стопор	pcs	10	20
195	85-4619014	Шайба (S=1,5 мм)	pcs	10	20
196	917110	Шплинт 3,2х18.019 ГОСТ397-79	pcs	10	20
197	80-4619134	Тяга	pcs	10	20
198	4600.02	Гидроцилиндр Ц100х200-3	pcs	10	20
199	80-4619019	Палец	pcs	10	20
200	70-4619042	Шайба	pcs	10	20
201	А61.07.001	Шплинт	pcs	10	20
202	917127	Шплинт 5,0х36.019 ГОСТ397-79	pcs	10	20
203	50-1310158-Б	Пружина	pcs	10	20
204	1522В-3407100-03	Рукав высокого давления Ф12,5х2	pcs	10	20
205	Н.036.65.000-А2-06	Клапан замедлительный	pcs	10	20
206	70-1405089	Штуцер ввертный	pcs	10	20
207	941135	Кольцо 017-022-30-1-4 ГОСТ 9833-73/ГОСТ18829-73	pcs	10	20
208	Р90-4607018	Кронштейн	pcs	10	20
209	Р3022-4607218	Планка	pcs	10	20
210	Р90-4607021-01	Втулка	pcs	10	20
211	50-4605012	Раскос	pcs	10	20
212	80-4605150-02	Раскос	pcs	10	20
213	80-4605076	Палец	pcs	10	20
214	70-3003032	Гайка	pcs	10	20
215	70-4605026	Ось	pcs	10	20
216	50-4605018-Б	Втулка	pcs	10	20
217	50-4605115	Стяжка	pcs	10	20
218	50-4605068-Б1	Шайба	pcs	10	20
219	50-4605030-А3-04	Тяга	pcs	10	20
220	50-4605035-А3-04	Тяга	pcs	10	20
221	70-4605047	Втулка	pcs	10	20
222	A04.02.020	Гайка	pcs	10	20
223	917130	Шплинт 5х45.019 ГОСТ 397-79	pcs	10	20
224	А61.03.000-01	Тяга верхняя	pcs	10	20
225	A61.10.001	Палец	pcs	10	20
226	40-4605047-Б	Втулка	pcs	10	20
227	А61.05.005	Чека	pcs	10	20
228	А61.05.004	Кольцо	pcs	10	20
229	Ф50-4605084	Палец	pcs	10	20
230	916071	Шайба С.18.01.019 ГОСТ 11371-78	pcs	10	20
231	А 61.09.002	Серьга	pcs	10	20
232	50-4605086	Болт	pcs	10	20
233	913053	Гайка М12-6Н.6.019 ГОСТ5919-73	pcs	10	20
234	70-4605145-01	Кронштейн	pcs	10	20
235	80-3724112	Перемычка	pcs	10	20
236	911103	Болт М12-6gх25.88.35.019 ГОСТ 7796-70	pcs	10	20
237	916015	Шайба 12ОТ ОСТ 37.001.115-75	pcs	10	20
238	А61.01.014	Рукоятка	pcs	10	20
239	583624	Рама Л90-8400040	pcs	10	20
240	911031	Болт М8-6gх20.88.35.019 ГОСТ 7796-70	pcs	10	20
241	916049	Шайба С 8.01.019 ГОСТ 6978-78	pcs	10	20
242	92П-8402070-Б	Опора	pcs	10	20
243	92П-8402075-Б	Опора	pcs	10	20
244	911033	Болт М8-6gх25.88.35.019 ГОСТ 7796-70	pcs	10	20
245	916053	Шайба С.8.01.019 ГОСТ 11371-78	pcs	10	20
246	102-3407013-Б	Кронштейн	pcs	10	20
247	923-3723012	Хомутик	pcs	10	20
248	ППР-50-01	Профиль	pcs	10	20
249	80-3723045-01	Манжета	pcs	10	20
250	70-1115012-01	Хомутик	pcs	10	20
251	70-3506027	Втулка	pcs	10	20
252	37245075	Жгут 80-3724317 ГОСТ 23544-84	pcs	10	20
253	РНД 10-19,5-2,5-37	Шланг	pcs	10	20
254	Ф80-3407720	Маслопровод	pcs	10	20
255	70-4802040	Маслопровод	pcs	10	20
256	5000.01	Хомут с червячной резьбой 12-22	pcs	10	20
257	Д18-051	Болт	pcs	10	20
258	4600.18	Шайба РМ 14	pcs	10	20
259	РНД 10-19,5-2,5-25	Шланг	pcs	10	20
260	РНД 14-23-1,6-11	Шланг	pcs	10	20
261	600-3407080-01	Маслопровод	pcs	10	20
262	40-4607037	Болт	pcs	10	20
263	4600.22	Шайба РМ 24	pcs	10	20
264	5000.02	Хомут с червячной резьбой 16-27	pcs	10	20
91	80-3000030-Б-03	Ось передняя	pcs	10	20
92	80-2800010-01	Полурама.	pcs	10	20
93	50-3000011	Ось качания	pcs	10	20
94	915320	Палец 16х80 ОСТ 37.001.163-97	pcs	10	20
95	917123	Шплинт 4х36.019 ГОСТ 397-79	pcs	10	20
96	915503	Масленка 1.3.Ц9.хр ГОСТ 19853-74	pcs	10	20
97	3829.15	Датчик аварийного давления масла в двигателе	pcs	10	20
98	80-3829002	Штуцер	pcs	10	20
99	3829.10	Датчик давления масла в двигателе	pcs	10	20
100	3828.10	Датчик указателя температуры	pcs	10	20
101	3845.10	Датчик засорённости воздухоочистителя	pcs	10	20
102	3844.10	Датчик аварийной температуры	pcs	10	20
103	80-1108126	Кронштейн	pcs	10	20
104	821-1108053	Кронштейн	pcs	10	20
105	80-5208015	Кронштейн	pcs	10	20
106	80-8100023	Штуцер	pcs	10	20
107	5000.03	Хомут с червячной резьбой 20-32	pcs	10	20
108	РНД 16-25-1,6-43	Шланг	pcs	10	20
109	РНД 16-25-1,6-45	Шланг	pcs	10	20
110	Р1221-4607013-01	Хомут	pcs	10	20
111	ППР-50-03	Профиль	pcs	10	20
112	911029	Болт М8-6gх16.88.35.019 ГОСТ 7796-70	pcs	10	20
113	916089	Шайба С.8.01 ГОСТ 11371-78	pcs	10	20
114	916009  4598169046	Шайба 8Т ОСТ 37.001.115-75	pcs	10	20
115	514980 или 514981	Дизель Д-243S2-1659 БД, ТУ РБ 05786459.111-2000\nили Дизель Д-243S2-1659 РД, ТУ РБ 05786459.111-2000	pcs	10	20
116	916069	Шайба С16.01.019   ГОСТ 11371-78	pcs	10	20
117	911176	Болт М16-6gx100.88.35.019 ГОСТ 7795-70	pcs	10	20
118	52-2301065	Шайба	pcs	10	20
119	916019	Шайба 16 ОТ ОСТ 37.001.115.75	pcs	10	20
120	913059	Гайка М16-6Н.6.019  \nГОСТ 5915-70	pcs	10	20
121	911178	Болт М16-6gx120.88.35.019       ГОСТ 7795-70	pcs	10	20
122	70-2800016-01	Болт или Болт М16-6gx150.88.35.019	pcs	10	20
123	911166	Болт М16-6gx60.88.35.019       ГОСТ 7795-70	pcs	10	20
124	911116	Болт М12-6gх65.88.35.019 ГОСТ 7795-70	pcs	10	20
125	913045	Гайка М12-6Н.6.019 ГОСТ 5915-70	pcs	10	20
126	916015  4598169068	Шайба 12 ОТ ОСТ 37.001.115-75	pcs	10	20
127	260-3701068	Болт специальный	pcs	10	20
128	916011  4598169067	Шайба 10 ОТ ОСТ 37.001.115-75	pcs	10	20
129	90-8114020	Кронштейн	pcs	10	20
130	950-8114032	Болт	pcs	10	20
131	950-8114032-02	Болт	pcs	10	20
132	916057	Шайба С.10.01.019 ГОСТ 11371-78	pcs	10	20
133	913035	Гайка М10-6Н.6.019 ГОСТ 5915-70	pcs	10	20
134	950-8114013	Втулка	pcs	10	20
135	90-8114030	Планка	pcs	10	20
136	90-8114019	Шпилька	pcs	10	20
137	916013  4598169007	Шайба 10Л ОСТ 37.001.115-75	pcs	10	20
138	911067	Болт М10-6gх30.88.35.019 ГОСТ 7796-70	pcs	10	20
139	916055	Шайба С 10.01.019 ГОСТ 6958-78	pcs	10	20
140	8114.002	Ремень узкоклиновой SPA 1120	pcs	10	20
141	82-8100011	Уголок	pcs	10	20
142	3405.50	Гидроцилиндр Ц50	pcs	10	20
143	2022-3407202-А	Угольник поворотный	pcs	10	20
144	Ф80-3407301	Болт	pcs	10	20
145	4600.19	Шайба РМ 3/8	pcs	10	20
146	4600.100	Рукав высокого давления 952-3407100	pcs	10	20
147	4600.102	Рукав высокого давления Ф8х1 952-3407100-04	pcs	10	20
148	913077	Гайка М20х1,5-6Н.04.019 ГОСТ 5919-73	pcs	10	20
149	911156	Болт М16-6gx32.88.35.019        ГОСТ7796-70	pcs	10	20
150	3003.108	Тяга рулевая	pcs	10	20
151	50-1701026	Прокладка	pcs	10	20
152	80-0000020	Трансмиссия	pcs	10	20
153	911162	Болт М16-6gх50.88. 35.019 ГОСТ 7796-70	pcs	10	20
154	80-3513040	Кронштейн	pcs	10	20
155	В50-3513025-А	Кронштейн	pcs	10	20
156	911158	Болт М16-6gх32.88.35.019  ГОСТ 7796-70	pcs	10	20
157	916067	Шайба С16.01.019  ГОСТ 6958-78	pcs	10	20
158	37240618	Жгут 80-3724380-Г ГОСТ 23544-84	pcs	10	20
159	913005	Гайка М5-6Н.6.019 ГОСТ 5927-70	pcs	10	20
160	916005  4598169044	Шайба 5 Т ОСТ 37.001.115-75	pcs	10	20
161	80-3723045	Манжета	pcs	10	20
162	82.3-6702068	Кронштейн	pcs	10	20
163	82.3-6702068-01	Кронштейн	pcs	10	20
164	916019  4598169070	Шайба 16 ОТ ОСТ 37.001.115-75	pcs	10	20
165	70-4235020	Кронштейн	pcs	10	20
166	70-4605036	Болт	pcs	10	20
167	916025	Шайба 20 ОТ ОСТ 37.001.115-75	pcs	10	20
168	913073	Гайка М20-6Н.6.019 ГОСТ 5915-70	pcs	10	20
265	40-4607032	Болт зажимной	pcs	10	20
266	4600.20	Шайба РМ 1/2	pcs	10	20
267	1221-3407090	Маслопровод	pcs	10	20
268	80-6702310	Полик	pcs	10	20
269	4600.018	Рукав высокого давления ф12,5х2 1522В-3407100-17	pcs	10	20
270	1301.40	Радиатор водяной	pcs	10	20
271	9175.03	Кран ПС 7-O ТУРБ 03973223.008-2000	pcs	10	20
272	102-3407013	Кронштейн	pcs	10	20
273	82.1-8402073	Кронштейн	pcs	10	20
274	92П-8400101	Кронштейн	pcs	10	20
275	922-1311001	Кронштейн	pcs	10	20
276	80-1311002	Хомут	pcs	10	20
277	80-1311003	Втулка	pcs	10	20
278	80-1311004	Пластина	pcs	10	20
279	80-1311006	Тарелка	pcs	10	20
280	54.06.413	Пружина	pcs	10	20
281	80П-1311010-А	Бачок расширительный	pcs	10	20
282	80П-1311011	Пробка	pcs	10	20
283	911014	Болт М6-6gх40.88.35.019 ГОСТ 7795-70	pcs	10	20
284	913011	Гайка М6-6Н.6.019  ГОСТ 5915-70	pcs	10	20
285	916007	Шайба 6Т  ОСТ 37.001.115-75	pcs	10	20
286	911004	Болт М6-6gх16.88.35.019 ГОСТ 7798-70	pcs	10	20
287	600-1405117-Б [1]	Маслопровод	pcs	10	20
288	80-1302011	Кронштейн	pcs	10	20
289	1520-1302072	Кронштейн	pcs	10	20
290	85-1302071	Амортизатор	pcs	10	20
291	90-1302004	Трубка	pcs	10	20
292	90-1302003-А	Растяжка	pcs	10	20
293	85-1303001	Шланг	pcs	10	20
294	85-1303010	Шланг	pcs	10	20
295	5000.05	Хомут с червячной резьбой 35-50	pcs	10	20
296	85-1309080	Кожух вентилятора	pcs	10	20
297	80-1309070	Кронштейн	pcs	10	20
298	80-1309070-01	Кронштейн	pcs	10	20
299	1025-1309070	Кронштейн	pcs	10	20
300	1221-1309075	Кронштейн	pcs	10	20
301	80-8112020	Кронштейн	pcs	10	20
302	80-8112011	Кронштейн	pcs	10	20
303	80-8112012	Кронштейн	pcs	10	20
304	8112.001	Заклепка 3,0х8	pcs	10	20
305	916049   [1]	Шайба С 8.01.019 ГОСТ 6958-78	pcs	10	20
306	916009  4598169046 [1]	Шайба 8Т ОСТ 37.001.115-75	pcs	10	20
307	5000.08 [2]	Хомут с червячной резьбой 70-90/9	pcs	10	20
308	1101.02	Бак топливный пластмассовый правый	pcs	10	20
309	200-3806026	Прокладка	pcs	10	20
310	3827.10	Датчик уровня топлива 21	pcs	10	20
311	912055	Винт В.М5-6gх16.58.019 ГОСТ 17475-80	pcs	10	20
312	80-1101067	Шайба	pcs	10	20
313	917508	Кран ПП6-1-O	pcs	10	20
314	70-1101035-Б	Рукав	pcs	10	20
315	5000.06	Хомут с червячной резьбой 50-70	pcs	10	20
316	584921	Бак 80-1101510-01                                ТУ BY 300062307.019-2010 или Бак ЯВАГ80-1101510	pcs	10	20
317	822-1101081 [1]	Штуцер	pcs	10	20
318	9219.01	Шарик 11,112	pcs	10	20
319	70-1101230	Лента	pcs	10	20
320	ПР-36-01	Уплотнитель УМ6а	pcs	10	20
321	916013	Шайба 10Л ОСТ 37.001.115-75	pcs	10	20
322	80-8101015-02	Шланг	pcs	10	20
323	1101.03	Топливопровод резинотканевый	pcs	10	20
324	1101.54	Топливопровод резинотканевый	pcs	10	20
325	5000.23 [4]	Хомут с червячной резьбой 8-16/9	pcs	10	20
326	ПК 1/8"	Пробка	pcs	10	20
327	80-3513010	Баллон	pcs	10	20
328	3512.01	Регулятор давления	pcs	10	20
329	80-3512006	Контргайка	pcs	10	20
330	70-3513015	Угольник	pcs	10	20
331	85-3513110	Клапан	pcs	10	20
332	В50-3522023	Прокладка	pcs	10	20
333	Н50-4202146	Кольцо	pcs	10	20
334	80-3513025	Тройник	pcs	10	20
335	3829.25	Датчик аварийного давления воздуха	pcs	10	20
336	85-1702051	Шайба	pcs	10	20
337	3829.20	Датчик давления воздуха	pcs	10	20
338	Д18-055А	Кольцо	pcs	10	20
339	ПР-43-01	Уплотнитель	pcs	10	20
340	В50-3513032	Хомут	pcs	10	20
341	1025-3506622	Штуцер	pcs	10	20
342	1025-3506623	Гайка	pcs	10	20
343	40-4607038-А	Шайба	pcs	10	20
344	80Х-3506010	Трубопровод	pcs	10	20
345	РНД 14-23-1,6-51	Шланг	pcs	10	20
346	1221М-3506012	Планка	pcs	10	20
347	913063	Гайка М16-6Н.04.019 ГОСТ 5916-70	pcs	10	20
348	1321-8700031	Хомут	pcs	10	20
349	911063	Болт М10-6gх20.88.35.019 ГОСТ 7796-70	pcs	10	20
350	80-3506455	Трубопровод	pcs	10	20
351	941115	Кольцо 012-015-19-2-4 ГОСТ 18829-2017/ГОСТ 9833-73	pcs	10	20
352	70-1703225-А	Рычаг	pcs	10	20
353	50-2403034-01	Болт	pcs	10	20
354	916063	Шайба С.12.01.019 ГОСТ 11371-78	pcs	10	20
355	917113	Шплинт 3,2х25.019 ГОСТ 397-79	pcs	10	20
356	85-3407102	Кронштейн	pcs	10	20
357	Ф80-3407760	Маслопровод	pcs	10	20
358	911038	Болт М8-6gх40.88.35. 019 ГОСТ7795-70	pcs	10	20
359	70-4607158	Прокладка	pcs	10	20
360	50-4607041	Кронштейн	pcs	10	20
361	916011	Шайба 10 ОТ ОСТ37.001.115-75	pcs	10	20
362	952-3407050	Штуцер	pcs	10	20
363	РНД 18-27-1,6-04	Шланг	pcs	10	20
364	Ф80-3407510	Маслопровод	pcs	10	20
365	102-3407010	Кронштейн	pcs	10	20
366	1025-1301233	Уплотнитель	pcs	10	20
367	900-3407030	Маслопровод	pcs	10	20
368	900-3407040	Маслопровод	pcs	10	20
369	70-6804011	Держатель	pcs	10	20
370	911035	Болт М8-6gх30.88.35. 019 ГОСТ 7796-70	pcs	10	20
371	3721.10	Сигнал звуковой	pcs	10	20
372	85-1602110-Б	Тяга	pcs	10	20
373	50-1602029	Шайба упорная	pcs	10	20
374	50-1602032	Пружина	pcs	10	20
375	915312  4598651081	Палец 12х32 ОСТ 37.001.163-97	pcs	10	20
376	А61-С06-А3	Фильтр	pcs	10	20
377	37245913	Жгут 92П-3724360-Г ГОСТ 23544-84	pcs	10	20
378	37242275	Провод 80-3724385 ГОСТ 23544-84	pcs	10	20
379	3722.90	Блок предохранителей	pcs	10	20
380	912079	Винт В.М6-6gх20.58.019 ГОСТ 17473-80	pcs	10	20
381	916007  4598166045	Шайба 6Т ОСТ 37.001.115-75	pcs	10	20
382	80-3747021-Б	Кронштейн	pcs	10	20
383	80-3723016 [1]	Кронштейн	pcs	10	20
384	ТМ-59-6000-38	Наконечник резиновый	pcs	10	20
385	М2-14.13.238	Чехол	pcs	10	20
386	3741.55	Контроллеры свечей накаливания	pcs	10	20
387	912068	Винт В.М6-6gх14.58.019 ГОСТ 17473-80	pcs	10	20
388	3731.10	Световозвращатель	pcs	10	20
389	912075	Винт В.М6-6gх18.58.019 ГОСТ 17473-80	pcs	10	20
390	916045	Шайба С.6.01.019 ГОСТ 11371-78	pcs	10	20
391	Обозначение ГСМ	Объем,	pcs	10	20
392	Жидкость охлаждающая низкозамерзающая ОЖ-40 (до ми	19,5\n(±0,2)	pcs	10	20
393	Летом: Масло моторное SAE 15W40 или\nМасло моторные	12,0\n(±0,12)	pcs	10	20
394	Масло моторное то же, что и в картер дизеля	1,5 (±0,03)	pcs	10	20
395	Гидравлическое масло HLP 32 или\nМасло индустриальн	25,5\n(±0,5)	pcs	10	20
396	трансмиссионное ТАп-15В ГОСТ 23652-79 или ТАД–17и,	40,0\n(+0,4)	pcs	10	20
397	Топливо дизельное ЕН 590:2004 с содержанием серы н	14,85 (+0,15	pcs	10	20
398	Смазка Литол-24 ГОСТ 21150-87	0.02	pcs	10	20
\.


--
-- Data for Name: core_partconsumption; Type: TABLE DATA; Schema: public; Owner: factory_admin
--

COPY public.core_partconsumption (id, quantity, consumed_at, assembly_step_id, part_id, truck_run_id) FROM stdin;
267	1	2026-03-20 13:22:31.719858+00	313	91	229
268	1	2026-03-20 13:22:31.724459+00	313	92	229
269	1	2026-03-20 13:22:31.727735+00	313	93	229
270	1	2026-03-23 19:00:04.532749+00	314	94	229
271	1	2026-03-23 19:00:04.538037+00	314	95	229
272	2	2026-03-23 19:00:06.397639+00	314	96	229
273	1	2026-03-23 19:02:36.63527+00	315	97	229
274	1	2026-03-23 19:02:36.639052+00	315	98	229
275	1	2026-03-23 19:02:36.64209+00	315	99	229
276	1	2026-03-23 19:02:36.645585+00	315	100	229
277	1	2026-03-23 19:02:36.648632+00	315	101	229
278	1	2026-03-23 19:02:36.651786+00	315	102	229
279	1	2026-03-23 19:02:44.445134+00	316	103	229
280	1	2026-03-23 19:03:02.030031+00	317	104	229
281	1	2026-03-23 19:03:02.033434+00	317	105	229
282	2	2026-03-24 16:46:04.493407+00	318	106	229
283	2	2026-03-24 16:46:09.83302+00	319	107	229
284	1	2026-03-24 16:46:09.838805+00	319	108	229
285	1	2026-03-24 16:46:09.841967+00	319	109	229
286	1	2026-03-24 16:46:12.955064+00	320	110	229
287	1	2026-03-24 16:46:12.958687+00	320	111	229
288	1	2026-03-24 16:46:12.961409+00	320	112	229
289	1	2026-03-24 16:46:12.963963+00	320	113	229
290	1	2026-03-24 16:46:12.96717+00	320	114	229
291	1	2026-03-24 16:46:19.561217+00	321	115	229
292	2	2026-03-24 16:46:19.565016+00	321	116	229
293	2	2026-03-24 16:46:19.567816+00	321	117	229
294	2	2026-03-24 16:46:19.570425+00	321	118	229
295	2	2026-03-24 16:46:19.572959+00	321	119	229
296	2	2026-03-24 16:46:19.575949+00	321	120	229
297	10	2026-03-24 16:47:15.327918+00	322	119	229
298	2	2026-03-24 16:47:15.331774+00	322	121	229
299	2	2026-03-24 16:47:15.334491+00	322	122	229
300	6	2026-03-24 16:47:15.337334+00	322	123	229
301	1	2026-03-24 18:39:51.291131+00	323	124	229
302	1	2026-03-24 18:39:51.295412+00	323	125	229
303	1	2026-03-24 18:39:51.298367+00	323	126	229
304	4	2026-03-25 16:35:28.645344+00	324	127	229
305	4	2026-03-25 16:35:28.651229+00	324	128	229
306	1	2026-03-25 16:35:28.654158+00	324	129	229
\.


--
-- Data for Name: core_productionorder; Type: TABLE DATA; Schema: public; Owner: factory_admin
--

COPY public.core_productionorder (id, quantity, created_at, model_name, tractor_image, vin_prefix) FROM stdin;
45	1	2026-03-11 08:32:05.521374+00	Belarus 80.1	trucks/TP80.jpg	123123
46	1	2026-03-11 08:41:44.38305+00	Belarus 80.1	trucks/TP80.jpg	1234
47	1	2026-03-11 08:54:17.453684+00	Belarus 80.1	trucks/TP80.jpg	1122
48	2	2026-03-11 12:06:44.065143+00	Belarus 80.1	trucks/TP80.jpg	444444
49	2	2026-03-12 16:13:42.511289+00	Belarus 80.1	trucks/TP80.jpg	77777777
50	3	2026-03-13 14:01:26.999044+00	Belarus 80.1	trucks/TP80.jpg	4441
52	1	2026-03-16 10:53:50.829405+00	Belarus 80.1	trucks/TP80.jpg	9999777
54	1	2026-03-18 16:49:29.662176+00	Belarus 80.1	trucks/TP80.jpg	4477777
55	1	2026-03-25 10:52:50.903825+00	Belarus 80.1	trucks/TP80.jpg	9119
\.


--
-- Data for Name: core_productvariant; Type: TABLE DATA; Schema: public; Owner: factory_admin
--

COPY public.core_productvariant (id, name, code, image) FROM stdin;
2	Belarus 1822.3	1822.3	trucks/TP892.jpg
1	Belarus 821	821	trucks/TP1025.jpg
4	Belarus 80.1	80.1M	trucks/TP80.jpg
\.


--
-- Data for Name: core_purchaseorder; Type: TABLE DATA; Schema: public; Owner: factory_admin
--

COPY public.core_purchaseorder (id, quantity, created_at, status, part_id) FROM stdin;
14	11	2026-03-16 09:59:52.978046+00	COMPLETED	91
15	11	2026-03-16 09:59:56.709802+00	COMPLETED	92
16	11	2026-03-16 10:00:02.271137+00	COMPLETED	93
17	2	2026-03-16 12:17:48.486496+00	COMPLETED	96
18	19	2026-03-19 06:52:19.274208+00	COMPLETED	106
19	20	2026-03-24 16:47:06.449976+00	COMPLETED	119
20	10	2026-03-25 16:38:08.385108+00	COMPLETED	96
\.


--
-- Data for Name: core_steppart; Type: TABLE DATA; Schema: public; Owner: factory_admin
--

COPY public.core_steppart (id, quantity, assembly_step_id, part_id, package_number) FROM stdin;
832	1	313	91	3000-03
833	1	313	92	2300-04
834	1	313	93	3000-02
835	1	314	94	9000-09/494
836	1	314	95	9000-14/72
837	2	314	96	9000-14/312
838	1	315	97	9000-14/201
839	1	315	98	9000-14/196
840	1	315	99	9000-14/202
841	1	315	100	9000-14/205
842	1	315	101	9000-14/204
843	1	315	102	9000-14/203
598	2	244	114	9000-14/67
599	2	244	184	9000-14/8
600	2	244	139	9000-14/83
601	2	244	128	9000-14/68
602	1	245	242	8400-15
603	1	245	243	8400-15
604	4	245	240	9000-14/20
605	3	245	244	9000-14/9
606	1	245	188	9000-14/46
607	3	245	245	9000-14/61
608	7	245	114	9000-14/67
609	1	245	246	9000-03/461
610	1	246	247	9000-12/451
611	1	246	248	9000-06/452
612	9	247	249	9000-14/104
613	1	247	250	9000-12/482
614	1	247	251	9000-14/134
615	1	247	252	9000-14/80
844	1	316	103	1108-06
845	1	317	104	1108-06
846	1	317	105	9000-12/464
847	2	318	106	9000-09/598
848	2	319	107	9000-14/163
849	1	319	108	9000-24/602
850	1	319	109	9000-24/603
508	1	216	169	4600-07
509	2	218	170	9000-14/289
510	1	218	171	9000-09/292
511	2	219	172	9000-12/288
512	4	219	173	9000-14/31
513	3	220	174	9000-14/315
514	2	221	175	4600-14
515	1	222	176	9000-03/49
516	1	222	177	9000-09/43
517	1	222	178	9000-03/158
518	1	222	179	9000-14/21
519	1	222	180	9000-14/67
520	1	223	181	9000-12-16 00:00:00
521	1	223	182	9000-06/144
522	1	224	183	9000-01/281
523	2	224	184	9000-14/8
524	2	224	133	9000-14/50
525	2	224	185	9000-14/68
526	2	225	186	9000-12/290
527	1	225	177	9000-09/43
528	1	225	187	9000-14/30
529	1	225	188	9000-14/46
530	1	225	189	9000-14/67
531	2	226	190	4600-12
532	2	227	191	9000-12/483
533	4	227	186	9000-12/290
534	2	227	187	9000-14/30
535	2	227	188	9000-14/46
536	2	227	192	9000-14/67
537	2	228	96	9000-14/312
538	1	229	193	4619-01
539	1	229	194	4619-03
540	2	229	195	9000-12/317
541	2	229	196	9000-14/65
542	1	230	197	9000-12/313
543	1	231	198	4600-09
544	1	231	199	9000-11/311
545	1	231	200	9000-12/314
546	1	231	201	9000-12/233
547	1	232	200	9000-12/314
548	1	232	202	9000-14/94
549	1	232	203	9000-14/316
550	2	232	112	9000-14/14
551	2	232	189	9000-14/67
552	2	233	204	4600-14
553	1	233	205	9000-14/280
851	1	320	110	9000-12/601
554	1	233	206	9000-09/293
555	2	233	207	9000-14/55
556	1	234	208	9000-03/515
557	1	234	132	9000-12/62
558	2	234	209	9000-3/517
559	2	234	210	9000-09/518
560	2	234	179	9000-14/21
561	2	234	114	9000-14/67
562	1	235	211	4605-09
563	1	235	212	4605-12
564	2	235	213	9000-03/490
565	2	235	214	9000-09/400
566	2	235	95	9000-14/72
567	1	236	215	4605-23
568	1	236	216	9000-12/567
569	2	236	217	4605-23
570	2	237	218	9000-03/301
571	1	237	219	4605-13
572	1	237	220	4605-14
573	2	237	221	9000-14/489
574	2	237	222	9000-09/491
575	2	237	223	9000-14/492
576	1	238	224	4605-15
577	1	238	225	900-09/511
578	2	238	226	9000-09/519
579	1	238	227	9000-09/307
580	1	238	228	9000-14/232
581	2	239	229	4605-08
582	2	239	230	9000-12/77
583	2	239	201	9000-12/233
584	2	240	231	9000-14/413
585	2	240	232	9000-08/303
586	2	240	233	9000-14/57
587	2	240	196	9000-14/65
588	1	241	234	4605-23
589	1	241	235	9000-14/223
590	2	241	236	9000-14/19
591	2	241	237	9000-14/69
592	1	242	238	9000-14/299
593	1	243	162	6700-15
594	1	243	163	6700-15
595	1	244	239	8400-16
596	2	244	240	9000-14/20
597	2	244	241	9000-12/70
852	1	320	111	9000-06/600
853	1	320	112	9000-14/14
854	1	320	113	9000-12/604
855	1	320	114	9000-14/67
856	1	321	115	1000-01
857	2	321	116	9000-12/60
858	2	321	117	9000-14/2
859	2	321	118	9000-14/97
860	2	321	119	9000-14/59
861	2	321	120	9000-14/44
862	10	322	119	9000-14/59
863	2	322	121	9000-14/3
864	2	322	122	9000-09/98
865	6	322	123	9000-14/4
866	1	323	124	9000-14/22
867	1	323	125	9000-14/23
868	1	323	126	9000-14/69
869	4	324	127	9000-14/582
870	4	324	128	9000-14/68
871	1	324	129	8114-02
872	1	325	130	9000-09/580
873	1	325	131	9000-09/581
874	2	325	132	9000-12/62
875	2	325	128	9000-14/68
876	2	325	133	9000-14/50
877	1	325	134	9000-09/579
878	1	326	135	9000-03/577
879	1	326	136	9000-08/578
880	2	326	132	9000-12/62
881	2	326	133	9000-14/50
882	2	326	137	9000-14/32
883	1	327	138	9000-14/392
884	1	327	139	9000-12/83
885	1	327	128	9000-14/68
886	1	327	140	9000-14/583
887	1	327	141	9000-12/611
888	1	328	142	3400-01
889	2	328	143	9000-09/427
890	2	328	144	9000-09/426
891	4	328	145	9000-14/164
892	1	329	146	3400-26
893	1	329	147	3400-26
894	2	329	148	9000-14/495
895	2	329	95	9000-14/72
896	2	330	149	9000-14/18
897	2	330	119	9000-14/59
898	1	331	150	3003-01
899	2	331	95	9000-14/72
900	1	332	151	9000-14/96
901	1	333	152	0200-01
902	10	334	119	9000-14/59
903	10	335	153	9000-14/1
904	1	336	154	3506-02
905	1	336	155	3506-02
906	4	336	156	9000-14/18
907	1	336	157	9000-14/74
908	4	336	119	9000-14/59
909	1	337	158	9000-14/454
910	4	337	159	9000-14/51
911	4	337	160	9000-14/75
912	2	338	161	9000-14/101
913	1	339	162	6700-15
914	1	339	163	6700-15
915	6	339	153	9000-14/1
916	6	339	164	9000-14/59
917	1	340	165	2800-01
918	2	340	166	9000-08/156
919	2	340	167	9000-14/88
920	2	340	168	9000-14/353
921	2	340	149	9000-14/18
922	2	340	164	9000-14/59
\.


--
-- Data for Name: core_taskcategory; Type: TABLE DATA; Schema: public; Owner: factory_admin
--

COPY public.core_taskcategory (id, name, ordering) FROM stdin;
10	1.1 ?????????????????? ?? ???????????? ???????????????? ?? ???????? ????????????????	1
11	1.10 ?????????????????? ?????????????????????? ????????????	2
12	2.1 ?????????????????? ?????????????? ????????????????????????	1
13	3.1 ?????????????????? ???????????????? ????????????????????	1
14	4.1 ?????????????????? ?? ?????????????????? ?????????????? ??????????????????????????	1
15	5.1 ?????????????? ??????????????????	1
16	5.2 ?????????????????? ?????????????????????????????????????? ??????????????????	2
17	6.1 Ruchka	10
\.


--
-- Data for Name: core_tasklog; Type: TABLE DATA; Schema: public; Owner: factory_admin
--

COPY public.core_tasklog (id, start_time, end_time, was_intervened, assembly_step_id, truck_run_id, status_color, operator_id) FROM stdin;
860	2026-03-20 13:22:18.892101+00	2026-03-20 13:22:20.504382+00	f	312	229	GREEN	37
861	2026-03-20 13:22:28.875846+00	2026-03-20 13:22:30.958388+00	f	313	229	GREEN	37
862	2026-03-23 18:59:49.93222+00	2026-03-23 19:00:04.518573+00	f	314	229	GREEN	37
863	2026-03-23 19:02:35.180716+00	2026-03-23 19:02:36.621315+00	f	315	229	GREEN	37
864	2026-03-23 19:02:43.940702+00	2026-03-23 19:02:44.439709+00	f	316	229	GREEN	37
865	2026-03-23 19:02:55.733426+00	2026-03-23 19:03:02.024363+00	f	317	229	GREEN	37
866	2026-03-24 16:46:02.809816+00	2026-03-24 16:46:04.486598+00	f	318	229	GREEN	37
867	2026-03-24 16:46:08.311056+00	2026-03-24 16:46:09.819277+00	f	319	229	GREEN	37
868	2026-03-24 16:46:11.520862+00	2026-03-24 16:46:12.941636+00	f	320	229	GREEN	37
869	2026-03-24 16:46:18.143845+00	2026-03-24 16:46:19.547414+00	f	321	229	GREEN	37
870	2026-03-24 16:47:10.445303+00	2026-03-24 16:47:15.314351+00	f	322	229	GREEN	37
871	2026-03-24 18:39:35.338653+00	2026-03-24 18:39:51.277263+00	f	323	229	GREEN	37
872	2026-03-25 16:35:15.221209+00	2026-03-25 16:35:28.639458+00	f	324	229	GREEN	37
\.


--
-- Data for Name: core_truckrun; Type: TABLE DATA; Schema: public; Owner: factory_admin
--

COPY public.core_truckrun (id, start_time, is_active, product_id, workstation_id, truck_serial_number, current_station, is_finished, status) FROM stdin;
219	2026-03-11 12:06:44.072143+00	f	4	23	444444002	23	f	IN_PROGRESS
221	2026-03-12 16:13:42.518198+00	t	4	22	77777777002	22	f	IN_PROGRESS
229	2026-03-18 16:49:29.665204+00	t	4	21	4477777	21	f	IN_PROGRESS
230	2026-03-25 10:52:50.909342+00	f	4	21	9119	1	f	IN_PROGRESS
218	2026-03-11 12:06:44.068225+00	f	4	24	444444001	24	f	IN_PROGRESS
216	2026-03-11 08:41:44.386105+00	f	4	24	1234	24	f	IN_PROGRESS
217	2026-03-11 08:54:17.456632+00	f	4	23	1122	23	f	IN_PROGRESS
222	2026-03-13 14:01:27.002369+00	f	4	22	4441001	22	f	IN_PROGRESS
215	2026-03-11 08:32:05.524142+00	f	4	23	123123	23	f	IN_PROGRESS
220	2026-03-12 16:13:42.514969+00	f	4	23	77777777001	23	f	IN_PROGRESS
223	2026-03-13 14:01:27.005136+00	f	4	22	4441002	22	f	IN_PROGRESS
\.


--
-- Data for Name: core_worker; Type: TABLE DATA; Schema: public; Owner: factory_admin
--

COPY public.core_worker (id, name, badge_id, role, assigned_station_id, qr_code, photo, face_descriptor, is_substitute, substituted_by_id) FROM stdin;
37	Меносманов С	USTA_102547	BRIGADIR	21	qr_codes/USTA_102547.png	worker_photos/image_2026-03-11_14-56-39.png	[-0.18884555995464325, 0.1273352950811386, 0.13331858813762665, 0.02864561229944229, -0.1253330260515213, -0.00499354861676693, -0.05608236417174339, 0.0037113120779395103, 0.1316317319869995, 0.01013744343072176, 0.16599620878696442, 0.004193849395960569, -0.2050328403711319, -0.055772267282009125, -0.02929498441517353, 0.1516367346048355, -0.1575431376695633, -0.10508668422698975, -0.06540199369192123, -0.04080263897776604, -0.0002991391811519861, 0.0667596310377121, 0.01707126945257187, 0.0400199368596077, -0.11226841062307358, -0.3733978569507599, -0.03870926797389984, -0.0744972676038742, -0.04840334504842758, -0.026428841054439545, -0.020437240600585938, -0.002051003510132432, -0.22557269036769867, -0.1114978939294815, -0.0022954423911869526, 0.033997975289821625, -0.010256079025566578, -0.023799855262041092, 0.14406320452690125, -0.061640895903110504, -0.17795586585998535, 0.03520393744111061, 0.03281710669398308, 0.32595956325531006, 0.1502111554145813, 0.1172809973359108, -0.020753074437379837, -0.019135771319270134, 0.056945689022541046, -0.2011912316083908, 0.07854358106851578, 0.16518710553646088, 0.01865578629076481, -0.007786386646330357, 0.00893979799002409, -0.09351029992103577, 0.02347697876393795, 0.13332076370716095, -0.19122710824012756, -0.01103505864739418, 0.0411132350564003, -0.07376016676425934, 0.04913720861077309, -0.12230799347162247, 0.23304475843906403, 0.06973297894001007, -0.06218485161662102, -0.12696172297000885, 0.06966333091259003, -0.127196803689003, -0.019151484593749046, 0.0010156258940696716, -0.13422660529613495, -0.1684461385011673, -0.3963349461555481, 0.07295150309801102, 0.4335724115371704, 0.14251890778541565, -0.13988129794597626, 0.038534749299287796, -0.06764958053827286, -0.013936641626060009, 0.08832810819149017, 0.0727749615907669, -0.06394356489181519, -0.02058836817741394, -0.09746053814888, 0.044895414263010025, 0.18828417360782623, 0.035133082419633865, -0.06504800915718079, 0.1523527204990387, 0.04168546199798584, -0.06269178539514542, 0.0053116739727556705, -0.01545918919146061, -0.060664352029561996, 0.025380056351423264, -0.1284288763999939, 0.06697721779346466, -0.026478443294763565, 0.000239102344494313, 0.03093571402132511, 0.12176021188497543, -0.18406018614768982, 0.08012840151786804, 0.036949045956134796, -0.012385633774101734, -0.024184416979551315, 0.04311434179544449, -0.14580321311950684, -0.08940070867538452, 0.1357182115316391, -0.21563169360160828, 0.18212732672691345, 0.15014396607875824, 0.04937652498483658, 0.18497590720653534, 0.05386511608958244, 0.06385476142168045, -0.06913838535547256, 0.04051610827445984, -0.1494130939245224, -0.048637986183166504, 0.13272133469581604, -0.046839646995067596, 0.20018526911735535, 0.10927943885326385]	f	\N
46	zamena	7777	USTA	\N	qr_codes/7777_QkUeCwB.png		\N	f	\N
17	Раимжонов Ғулом	BRIG_5C7B6D	USTA	21	qr_codes/BRIG_5C7B6D.png	worker_photos/Рисунок3.png	\N	f	\N
22	Хайдаров Мурод	USTA_FB7391	USTA	21	qr_codes/USTA_FB7391.png	worker_photos/Рисунок2.png	\N	f	\N
39	bratan	USTA_69BCBA	WAREHOUSE	\N	qr_codes/USTA_69BCBA.png	\N	\N	f	\N
40	sSSs	USTA_2SS648	ORDER_MANAGER	\N	qr_codes/SssS.png	\N	\N	f	\N
33	Сулойманов Ш	USTA_4A748F	USTA	22	qr_codes/USTA_4A748F.png	worker_photos/Рисунок5.png	\N	f	\N
28	Хабибуллаев Х	USTA_BDEA35	USTA	22	qr_codes/USTA_BDEA35.png	worker_photos/Рисунок6.png	\N	f	\N
23	Тогонов Ф	BRIG_119626	USTA	22	qr_codes/BRIG_119626.png	worker_photos/Рисунок7.png	\N	f	\N
34	Рахманов Зохид	USTA_890D9E	BRIGADIR	23	qr_codes/USTA_890D9E.png	worker_photos/Рисунок8.png	\N	f	\N
29	Саримсоқов Сардор	BRIG_F824F6	USTA	23	qr_codes/BRIG_F824F6.png	worker_photos/Рисунок9.png	\N	f	\N
24	Тошмуродов Бахром	BRIG_F75764	USTA	23	qr_codes/BRIG_F75764.png	worker_photos/Рисунок10.png	\N	f	\N
35	Кўпайсинов Ш	USTA_1A84E4	BRIGADIR	24	qr_codes/USTA_1A84E4.png	worker_photos/Рисунок11.png	\N	f	\N
30	Назимов А	USTA_E76417	USTA	24	qr_codes/USTA_E76417.png	worker_photos/Рисунок12.png	\N	f	\N
25	Қундузалиев С	USTA_C766EC	USTA	24	qr_codes/USTA_C766EC.png	worker_photos/Рисунок13.png	\N	f	\N
36	Хўжабаддинов Н	BRIG_0196B5	BRIGADIR	25	qr_codes/BRIG_0196B5.png	worker_photos/Рисунок14.png	\N	f	\N
31	Бекназаров У	USTA_2BB648	USTA	25	qr_codes/USTA_2BB648.png	worker_photos/Рисунок15.png	\N	f	\N
26	Маликов Д	USTA_AB08D9	USTA	25	qr_codes/USTA_AB08D9.png	worker_photos/Рисунок16.png	\N	f	\N
38	Норжигитов Т	USTA_92DCBA	BRIGADIR	22	qr_codes/USTA_92DCBA.png	worker_photos/Рисунок4.png	[-0.09094422310590744, 0.062371253967285156, 0.08753105998039246, -0.11221865564584732, -0.060482364147901535, 0.009388082660734653, -0.0387154258787632, -0.005311171058565378, 0.11718036234378815, -0.11692630499601364, 0.21813343465328217, -0.07103661447763443, -0.17199644446372986, -0.11595478653907776, -0.06609261780977249, 0.1623392552137375, -0.13496966660022736, -0.11376231163740158, -0.056207701563835144, -0.025380868464708328, 0.06756073981523514, 0.04098881036043167, 0.014528115279972553, 0.10099857300519943, -0.1550559252500534, -0.4006521701812744, -0.03620082512497902, -0.09997082501649857, -0.10983527451753616, -0.12949354946613312, -0.032865263521671295, 0.15049180388450623, -0.2022293508052826, -0.04050075635313988, -0.007828045636415482, 0.10486701875925064, 0.013176669366657734, 0.026685718446969986, 0.17248302698135376, 0.057312335819005966, -0.22632300853729248, 0.025786327198147774, 0.0034824893809854984, 0.3212820887565613, 0.21183894574642181, -0.01728750206530094, -0.0449211411178112, 0.06955010443925858, 0.1429227590560913, -0.28310978412628174, -0.02205214649438858, 0.12721477448940277, 0.04570828750729561, 0.012250243686139584, 0.041282858699560165, -0.0212697796523571, 0.03641641512513161, 0.1102408915758133, -0.22893226146697998, 0.018704794347286224, -0.025080891326069832, -0.18976286053657532, -0.016323918476700783, -0.0501774437725544, 0.10771451890468597, 0.07598289102315903, -0.09968172013759613, -0.14577695727348328, 0.11193078756332397, -0.15207187831401825, -0.007880515418946743, 0.07832980155944824, -0.1414046287536621, -0.20635586977005005, -0.32280561327934265, 0.07661823183298111, 0.3838239014148712, 0.17601771652698517, -0.16794948279857635, 0.06037301570177078, 0.02042105421423912, -0.02099691703915596, 0.12446589767932892, 0.09026996046304703, -0.008610492572188377, 0.08313540369272232, -0.04040312394499779, 0.09043719619512558, 0.14454470574855804, 0.02709817700088024, -0.09512219578027725, 0.23790891468524933, -0.06569433957338333, 0.08325354009866714, 0.07109550386667252, 0.002526163822039962, -0.009976020082831383, 0.038813985884189606, -0.1908074915409088, 0.12877652049064636, -0.042162198573350906, -0.07739625126123428, -0.026649776846170425, 0.06481171399354935, -0.13091011345386505, 0.09759695082902908, -0.044762082397937775, -0.015515618957579136, -0.0944441556930542, 0.04147103801369667, -0.18028104305267334, -0.025180276483297348, 0.1213737428188324, -0.24305100739002228, 0.12858955562114716, 0.22194990515708923, 0.042223796248435974, 0.1217929869890213, 0.13124670088291168, -0.058572761714458466, 0.04175325110554695, -0.04488444700837135, -0.16221430897712708, -0.06255720555782318, 0.16369928419589996, -0.042399678379297256, 0.10212989896535873, -0.04228166118264198]	f	\N
27	Ахмаджанов Д	USTA_402B69	USTA	21	qr_codes/USTA_402B69.png	worker_photos/Рисунок1.png	[-0.10123470425605774, 0.030835287645459175, 0.008564591407775879, -0.1437842696905136, -0.14087416231632233, -0.012612267397344112, -0.06061669439077377, -0.14242662489414215, 0.2025364339351654, -0.18744079768657684, 0.21219784021377563, -0.08647006750106812, -0.18398752808570862, 0.02374163828790188, -0.06657273322343826, 0.18065927922725677, -0.29906073212623596, -0.19799435138702393, -0.02112816646695137, -0.110171377658844, 0.1030753031373024, -0.03173692524433136, -0.06691032648086548, 0.12416404485702515, -0.21531185507774353, -0.25334668159484863, -0.10713846981525421, -0.05188656225800514, 0.0300484336912632, -0.09975235164165497, 0.06482933461666107, 0.03882114589214325, -0.13938647508621216, 0.10549414902925491, 0.003668433055281639, 0.20633456110954285, -0.009788097813725471, -0.176254004240036, 0.09614964574575424, -0.038361795246601105, -0.23345135152339935, 0.0003351536870468408, 0.059466466307640076, 0.20160011947155, 0.24518002569675446, -0.03630973398685455, -0.01273657288402319, -0.10786687582731247, 0.18503575026988983, -0.2411957085132599, 0.06836559623479843, 0.16431842744350433, 0.08984158933162689, 0.07734177261590958, 0.07231190800666809, -0.17518241703510284, 0.03438051417469978, 0.22003887593746185, -0.17205190658569336, -0.007860993035137653, 0.051968254148960114, -0.08917691558599472, 0.09377515316009521, -0.06657038629055023, 0.1211230456829071, 0.14932408928871155, -0.13158375024795532, -0.15753288567066193, 0.2084224373102188, -0.19647452235221863, -0.09038277715444565, 0.05600188672542572, -0.14515776932239532, -0.22222194075584412, -0.31043076515197754, -0.012727933935821056, 0.41545841097831726, 0.15787415206432343, -0.12031599134206772, 0.0501142255961895, 0.027106616646051407, 0.019612863659858704, 0.07119933515787125, 0.1537053883075714, -0.02976684458553791, -0.060940396040678024, -0.17201754450798035, 0.031821977347135544, 0.22038771212100983, -0.031361740082502365, -0.004649417940527201, 0.2214784026145935, -0.032489337027072906, -0.05167945474386215, 0.027449294924736023, 0.08963238447904587, -0.14799843728542328, 0.04550469294190407, -0.07533891499042511, -0.04266604408621788, -0.058602917939424515, -0.028813427314162254, -0.05112098902463913, 0.11499401926994324, -0.13177651166915894, 0.16305652260780334, -0.021535485982894897, -0.020716430619359016, -0.10830787569284439, -0.0258531104773283, -0.04540218040347099, -0.014074346981942654, 0.16237884759902954, -0.25149357318878174, 0.10427940636873245, 0.17877937853336334, 0.06854799389839172, 0.21443462371826172, 0.0410202294588089, 0.10909955203533173, -0.00363435922190547, -0.09756967425346375, -0.15579582750797272, 0.00326179014518857, -0.05429772287607193, -0.02867596037685871, 0.010450983420014381, 0.05363916605710983]	f	\N
\.


--
-- Data for Name: core_workstation; Type: TABLE DATA; Schema: public; Owner: factory_admin
--

COPY public.core_workstation (id, name, slug, ip_address, is_active, reset_pin) FROM stdin;
21	Station 1	station1	127.0.0.1	t	1234
22	Station 2	station2	127.0.0.2	t	1234
23	Station 3	station3	127.0.0.3	t	1234
24	Station 4	station4	127.0.0.4	t	1234
25	Station 5	station5	127.0.0.5	t	1234
\.


--
-- Data for Name: django_admin_log; Type: TABLE DATA; Schema: public; Owner: factory_admin
--

COPY public.django_admin_log (id, action_time, object_id, object_repr, action_flag, change_message, content_type_id, user_id) FROM stdin;
1	2026-02-14 09:34:34.022009+00	1	Post 1 (192.168.1.101)	1	[{"added": {}}]	7	1
2	2026-02-14 11:52:27.196039+00	1	Truck 1025	1	[{"added": {}}, {"added": {"name": "assembly step", "object": "[32423423423] Step 1 (300s)"}}]	9	1
3	2026-02-14 11:52:51.430321+00	1	Truck 1025	2	[{"added": {"name": "assembly step", "object": "[32423423423] Step 2 (300s)"}}, {"changed": {"name": "assembly step", "object": "[32423423423] Step 1 (300s)", "fields": ["Description"]}}]	9	1
4	2026-02-14 11:53:05.239129+00	1	Run: 32423423423 at Post 1 (11:53)	1	[{"added": {}}]	10	1
5	2026-02-14 11:53:54.640854+00	1	1 - USTA_1	1	[{"added": {}}]	11	1
6	2026-02-14 12:32:37.981377+00	2	Post 2 (192.168.1.102)	1	[{"added": {}}]	7	1
7	2026-02-14 12:32:51.996792+00	3	Post 3 (192.168.1.103)	1	[{"added": {}}]	7	1
8	2026-02-20 16:46:12.932541+00	2	Belarus 1025.2	2	[{"changed": {"fields": ["Image"]}}]	9	1
9	2026-02-20 16:46:38.217476+00	1	Truck 1025	2	[{"changed": {"fields": ["Image"]}}]	9	1
10	2026-02-20 17:10:35.081222+00	1	Post 1	2	[{"changed": {"fields": ["Ip address"]}}]	7	1
11	2026-02-20 17:12:22.374177+00	2	Post 2	2	[{"changed": {"fields": ["Ip address"]}}]	7	1
12	2026-02-20 17:31:55.748276+00	9	Run	1	[{"added": {}}]	12	1
13	2026-02-20 17:32:31.420287+00	26	Step 1: Run the ballon	1	[{"added": {}}]	8	1
14	2026-02-20 17:33:35.501504+00	27	Step 4: Bring water	1	[{"added": {}}]	8	1
15	2026-02-20 17:39:33.631081+00	28	Step 22: boshla	1	[{"added": {}}]	8	1
16	2026-02-20 17:39:52.322321+00	29	Step 222: tugat	1	[{"added": {}}]	8	1
17	2026-02-20 18:22:01.093343+00	4	Post 5	1	[{"added": {}}]	7	1
18	2026-02-20 18:22:14.099384+00	5	Post 4	1	[{"added": {}}]	7	1
19	2026-02-20 18:24:00.704265+00	3	Truck 80.1	1	[{"added": {}}]	9	1
20	2026-02-20 18:25:59.318194+00	74	TruckRun object (74)	3		10	1
21	2026-02-20 18:25:59.323458+00	73	TruckRun object (73)	3		10	1
22	2026-02-20 18:25:59.326752+00	72	TruckRun object (72)	3		10	1
23	2026-02-20 18:25:59.32936+00	71	TruckRun object (71)	3		10	1
24	2026-02-20 18:25:59.332717+00	70	TruckRun object (70)	3		10	1
25	2026-02-20 18:25:59.335609+00	69	TruckRun object (69)	3		10	1
26	2026-02-20 18:25:59.338442+00	68	TruckRun object (68)	3		10	1
27	2026-02-20 18:25:59.34147+00	67	TruckRun object (67)	3		10	1
28	2026-02-20 18:25:59.344589+00	66	TruckRun object (66)	3		10	1
29	2026-02-20 18:25:59.347678+00	63	TruckRun object (63)	3		10	1
30	2026-02-20 18:25:59.350404+00	61	TruckRun object (61)	3		10	1
31	2026-02-20 18:25:59.353813+00	60	TruckRun object (60)	3		10	1
32	2026-02-20 18:25:59.356784+00	59	TruckRun object (59)	3		10	1
33	2026-02-20 18:25:59.359837+00	58	TruckRun object (58)	3		10	1
34	2026-02-20 18:25:59.362162+00	57	TruckRun object (57)	3		10	1
35	2026-02-20 18:25:59.365491+00	56	TruckRun object (56)	3		10	1
36	2026-02-20 18:25:59.368853+00	55	TruckRun object (55)	3		10	1
37	2026-02-20 18:25:59.371521+00	53	TruckRun object (53)	3		10	1
38	2026-02-20 18:25:59.374582+00	52	TruckRun object (52)	3		10	1
39	2026-02-20 18:25:59.378618+00	51	TruckRun object (51)	3		10	1
40	2026-02-20 18:25:59.382119+00	49	TruckRun object (49)	3		10	1
41	2026-02-20 18:25:59.385286+00	47	TruckRun object (47)	3		10	1
42	2026-02-20 18:25:59.388963+00	46	TruckRun object (46)	3		10	1
43	2026-02-20 18:25:59.392978+00	45	TruckRun object (45)	3		10	1
44	2026-02-20 18:25:59.395794+00	44	TruckRun object (44)	3		10	1
45	2026-02-20 18:25:59.399347+00	11	TruckRun object (11)	3		10	1
46	2026-02-20 18:25:59.402892+00	10	TruckRun object (10)	3		10	1
47	2026-02-20 18:25:59.405864+00	9	TruckRun object (9)	3		10	1
48	2026-02-20 18:25:59.409445+00	7	TruckRun object (7)	3		10	1
49	2026-02-20 18:25:59.413037+00	6	TruckRun object (6)	3		10	1
50	2026-02-20 18:25:59.416218+00	5	TruckRun object (5)	3		10	1
51	2026-02-20 18:25:59.419506+00	4	TruckRun object (4)	3		10	1
52	2026-02-20 18:25:59.42345+00	3	TruckRun object (3)	3		10	1
53	2026-02-20 18:25:59.427723+00	2	TruckRun object (2)	3		10	1
54	2026-02-20 18:25:59.432078+00	1	TruckRun object (1)	3		10	1
55	2026-02-20 18:26:15.026063+00	26	Step 1: Run the ballon	3		8	1
56	2026-02-20 18:26:15.036338+00	18	Step 1: ?????????????????????? ?????????? ???????????????? ???? ???????????? ???????????????? ???????????????? ?? ??????????????????	3		8	1
57	2026-02-20 18:26:15.04084+00	1	Step 1: Kitobni oqish	3		8	1
58	2026-02-20 18:26:15.043936+00	19	Step 2: ???????????? ?? ?????????? ???????????? ???????????? ?????????? ?? ??????????????????	3		8	1
59	2026-02-20 18:26:15.04745+00	2	Step 2: Balonni qoshish	3		8	1
60	2026-02-20 18:26:15.051079+00	20	Step 3: ???????????????????? ???????? ???????????????? ???? ??????????????-?????????????????? ??????????????????	3		8	1
61	2026-02-20 18:26:15.054553+00	27	Step 4: Bring water	3		8	1
62	2026-02-20 18:26:15.057142+00	21	Step 4: ???????????????????? ???????????????? ???? ??????????????????	3		8	1
63	2026-02-20 18:26:15.05967+00	22	Step 5: ?????????????????? ???????????????? ???????? ?????????????? ??16-6gx40	3		8	1
64	2026-02-20 18:26:15.062291+00	23	Step 6: ???????????????????? ?????????? ?? 8.01.019	3		8	1
65	2026-02-20 18:26:15.064911+00	24	Step 7: ???????????????????? ???????? 80-3724380-??	3		8	1
66	2026-02-20 18:26:15.067848+00	25	Step 8: ?????????????????? ???????????? ???? ???????????? ??????????????????????	3		8	1
67	2026-02-20 18:26:15.070472+00	28	Step 22: boshla	3		8	1
68	2026-02-20 18:26:15.073206+00	29	Step 222: tugat	3		8	1
69	2026-02-20 18:26:27.347603+00	9	Run	3		12	1
70	2026-02-20 18:26:27.353084+00	6	1.1 ???????????????????????? ???????????? ????????????????	3		12	1
71	2026-02-20 18:26:27.355928+00	4	1.1 Marking & Documentation	3		12	1
72	2026-02-20 18:26:27.358506+00	1	1. Marking	3		12	1
73	2026-02-20 18:26:27.361273+00	7	2. ?????????????????? ?? ???????????? ???????????????? ?? ???????????????? ????????????	3		12	1
74	2026-02-20 18:26:27.364206+00	2	2. Semi-frame & Front Axle	3		12	1
75	2026-02-20 18:26:27.367281+00	5	13. Electrical Harness (Glow Plugs)	3		12	1
76	2026-02-20 18:26:27.370028+00	3	3. Electrical & Harness	3		12	1
77	2026-02-20 18:26:27.372973+00	8	13. ???????????? ?????????? ???????????? ??????????????????????	3		12	1
78	2026-02-20 18:35:35.891249+00	3	Truck 80.1	3		9	1
79	2026-02-20 18:35:43.551662+00	4	?????????????? 80.1??	2	[{"changed": {"fields": ["Image"]}}]	9	1
80	2026-02-20 18:38:05.133613+00	5	Post 4	3		7	1
81	2026-02-20 18:38:05.14638+00	4	Post 5	3		7	1
82	2026-02-20 18:38:05.150562+00	3	Post 3	3		7	1
83	2026-02-20 18:38:05.154682+00	2	Post 2	3		7	1
84	2026-02-20 18:38:05.158328+00	1	Post 1	3		7	1
85	2026-02-20 18:50:05.577713+00	16	?????????????? ?? (USTA_5_1)	3		13	1
86	2026-02-20 18:50:05.619377+00	15	???????????????????????? ?? (BRIG_5)	3		13	1
87	2026-02-20 18:50:05.624845+00	14	?????????????????????? ?? (USTA_4_2)	3		13	1
88	2026-02-20 18:50:05.630051+00	13	?????????????? ?? (USTA_4_1)	3		13	1
89	2026-02-20 18:50:05.635472+00	12	???????????????????? ?? (BRIG_4)	3		13	1
90	2026-02-20 18:50:05.641003+00	11	???????????????????? ???????????? (USTA_3_1)	3		13	1
91	2026-02-20 18:50:05.64607+00	10	???????????????? ?????????? (BRIG_3)	3		13	1
92	2026-02-20 18:50:05.651253+00	9	?????????????? ?? (USTA_2_2)	3		13	1
93	2026-02-20 18:50:05.655703+00	8	???????????????????? ?? (USTA_2_1)	3		13	1
94	2026-02-20 18:50:05.66085+00	7	???????????????????? ?? (BRIG_2)	3		13	1
95	2026-02-20 18:50:05.665646+00	6	?????????????????? ?????????? (USTA_1_1)	3		13	1
96	2026-02-20 18:50:05.670043+00	5	???????????????????? ?? (BRIG_1)	3		13	1
97	2026-02-20 18:50:05.674478+00	4	???????????????????? ?? ()	3		13	1
98	2026-02-20 18:50:05.67954+00	3	Brigadir (BRIGADIR)	3		13	1
99	2026-02-20 18:50:05.683838+00	2	Usta 2 (USTA_2)	3		13	1
100	2026-02-20 18:50:05.687303+00	1	Usta 1 (USTA_1)	3		13	1
101	2026-02-21 07:35:16.657884+00	17	6.1 Ruchka	1	[{"added": {}}]	12	1
102	2026-02-21 07:36:47.871972+00	60	Step 90: Balondi yech	1	[{"added": {}}]	8	1
103	2026-02-21 09:55:18.554761+00	4	?????????????? 80.1??	2	[{"changed": {"fields": ["Image"]}}]	9	1
104	2026-02-21 09:58:06.616075+00	4	?????????????? 80.1??	2	[{"changed": {"fields": ["Image"]}}]	9	1
105	2026-02-21 09:59:00.100261+00	2	Belarus 1822.3	2	[{"changed": {"fields": ["Name", "Code", "Image"]}}]	9	1
106	2026-02-21 09:59:59.746914+00	1	Belarus 821	2	[{"changed": {"fields": ["Name", "Code", "Image"]}}]	9	1
107	2026-02-21 10:14:32.40179+00	13	???????? ???6	1	[{"added": {}}]	7	1
108	2026-02-21 10:15:07.869453+00	14	???????? ???7	1	[{"added": {}}]	7	1
109	2026-02-21 10:15:47.313651+00	15	???????? ???8	1	[{"added": {}}]	7	1
110	2026-02-21 10:16:14.263852+00	16	???????? ???9	1	[{"added": {}}]	7	1
111	2026-02-21 10:16:42.340743+00	17	???????? ???10	1	[{"added": {}}]	7	1
112	2026-02-21 10:17:48.880308+00	18	???????? ???11	1	[{"added": {}}]	7	1
113	2026-02-21 10:20:30.560919+00	40	Step 2: ?????????????????? ?????????? ?? ?????????????? ?????????? ?????????? ?? ???????????????????? ??????????????????	2	[{"changed": {"fields": ["Standard duration seconds"]}}]	8	1
114	2026-02-21 10:21:44.629389+00	19	???????? ???12	1	[{"added": {}}]	7	1
115	2026-02-22 04:26:42.04042+00	31	Step 2: ???????????????????? ?????? ???????????????? ???? ??????????????. ???????????????????? ???????????????? ???? ???????? ????????????????.	2	[{"changed": {"fields": ["Standard duration seconds"]}}]	8	1
116	2026-03-05 09:10:38.719322+00	19	station12	2	[{"changed": {"fields": ["Name"]}}]	7	2
117	2026-03-05 09:11:02.23542+00	18	station11	2	[{"changed": {"fields": ["Name"]}}]	7	2
118	2026-03-05 09:11:08.862647+00	17	station10	2	[{"changed": {"fields": ["Name"]}}]	7	2
119	2026-03-05 09:11:13.67394+00	16	station9	2	[{"changed": {"fields": ["Name"]}}]	7	2
120	2026-03-05 09:11:17.716235+00	15	station8	2	[{"changed": {"fields": ["Name"]}}]	7	2
121	2026-03-05 09:11:21.684301+00	14	station7	2	[{"changed": {"fields": ["Name"]}}]	7	2
122	2026-03-05 09:11:30.596344+00	13	station6	2	[{"changed": {"fields": ["Name"]}}]	7	2
123	2026-03-05 09:11:37.301599+00	12	station5	2	[{"changed": {"fields": ["Name"]}}]	7	2
124	2026-03-05 09:11:41.883201+00	11	station 4	2	[{"changed": {"fields": ["Name"]}}]	7	2
125	2026-03-05 09:11:45.965631+00	10	station 3	2	[{"changed": {"fields": ["Name"]}}]	7	2
126	2026-03-05 09:11:49.845202+00	9	station 2	2	[{"changed": {"fields": ["Name"]}}]	7	2
127	2026-03-05 09:11:54.950839+00	8	station 1	2	[{"changed": {"fields": ["Name"]}}]	7	2
128	2026-03-05 09:12:39.921226+00	4	ORIS 80.1??	2	[{"changed": {"fields": ["Name"]}}]	9	2
129	2026-03-05 09:13:26.356119+00	4	ORIS 80.1??	2	[{"changed": {"fields": ["Image"]}}]	9	2
130	2026-03-05 09:13:32.701414+00	2	Belarus 1822.3	2	[{"changed": {"fields": ["Image"]}}]	9	2
131	2026-03-05 09:13:38.268047+00	1	Belarus 821	2	[{"changed": {"fields": ["Image"]}}]	9	2
132	2026-03-05 09:17:02.299455+00	38	Akhmad (USTA_92DCBA)	2	[{"changed": {"fields": ["Name"]}}]	13	2
133	2026-03-05 10:38:39.532489+00	38	Operator (USTA_92DCBA)	2	[]	13	2
134	2026-03-05 10:40:42.819636+00	38	Operator (USTA_92DCBA)	2	[]	13	2
135	2026-03-05 10:41:03.920894+00	38	Operator (USTA_92DCBA)	2	[{"changed": {"fields": ["Qr code"]}}]	13	2
136	2026-03-05 10:41:20.60985+00	38	Operator (USTA_92DCBA)	2	[]	13	2
137	2026-03-05 10:57:10.580465+00	25	Operator (USTA_C766EC)	2	[]	13	2
138	2026-03-05 11:00:53.671736+00	25	Sholmurod (USTA_C766EC)	2	[{"changed": {"fields": ["Name"]}}]	13	2
139	2026-03-05 11:01:08.579245+00	37	Dilshod (USTA_102547)	2	[{"changed": {"fields": ["Name"]}}]	13	2
140	2026-03-05 11:03:38.075952+00	35	Akhmad (USTA_1A84E4)	2	[{"changed": {"fields": ["Name"]}}]	13	2
141	2026-03-05 11:04:47.883942+00	31	Tolqin (USTA_2BB648)	2	[{"changed": {"fields": ["Name"]}}]	13	2
142	2026-03-05 11:30:47.858348+00	10	station 3	2	[]	7	2
143	2026-03-05 15:16:26.915926+00	1	enm001 - engine	1	[{"added": {}}]	17	2
144	2026-03-05 15:17:11.470667+00	1	enm001 (25)	1	[{"added": {}}]	16	2
145	2026-03-05 15:17:44.482613+00	1	enm001 used in 85	1	[{"added": {}}]	15	2
146	2026-03-05 15:28:03.284073+00	1	Step 1: ???????????????????? ???????????? ???????????????????????? ???? ??????????????????, ???????????????????????????? ???????? ???????????? ??????????????????????????????. → enm001 x2	1	[{"added": {}}]	18	2
147	2026-03-05 15:28:32.995148+00	2	bolt - bolt10m	1	[{"added": {}}]	17	2
148	2026-03-05 15:28:51.922846+00	2	bolt used in 85	1	[{"added": {}}]	15	2
149	2026-03-05 15:28:58.080734+00	1	enm001 used in 85	2	[{"changed": {"fields": ["Quantity"]}}]	15	2
150	2026-03-05 15:29:13.592919+00	2	bolt (78)	1	[{"added": {}}]	16	2
151	2026-03-05 15:29:47.605371+00	1	Step 1: ???????????? ???????????????????? ?????????? ???????????????? ???? ??????????????????. → enm001 x2	2	[{"changed": {"fields": ["Assembly step"]}}]	18	2
152	2026-03-05 15:29:59.611199+00	1	Step 1: ???????????? ???????????????????? ?????????? ???????????????? ???? ??????????????????. → enm001 x2	2	[]	18	2
153	2026-03-05 15:30:14.748485+00	1	Step 1: ???????????? ???????????????????? ?????????? ???????????????? ???? ??????????????????. → enm001 x2	2	[]	18	2
154	2026-03-05 15:32:37.636514+00	3	gearbox_001 - Gearbox	1	[{"added": {}}]	17	2
155	2026-03-05 15:32:48.976701+00	4	frame_001 - Tractor Frame	1	[{"added": {}}]	17	2
156	2026-03-05 15:33:03.421718+00	5	wheel_001 - Tractor Wheel	1	[{"added": {}}]	17	2
157	2026-03-05 15:33:14.811306+00	6	seat_001 - Driver Seat	1	[{"added": {}}]	17	2
158	2026-03-05 15:33:25.28882+00	7	bolt_m12 - Bolt M12	1	[{"added": {}}]	17	2
159	2026-03-05 15:33:33.820968+00	8	bolt_m10 - Bolt M10	1	[{"added": {}}]	17	2
160	2026-03-05 15:33:50.327348+00	3	gearbox_001 (16)	1	[{"added": {}}]	16	2
161	2026-03-05 15:33:56.860784+00	4	frame_001 (15)	1	[{"added": {}}]	16	2
162	2026-03-05 15:34:03.608304+00	5	wheel_001 (15)	1	[{"added": {}}]	16	2
163	2026-03-05 15:34:07.708934+00	6	seat_001 (15)	1	[{"added": {}}]	16	2
164	2026-03-05 15:34:13.079666+00	7	seat_001 (15)	1	[{"added": {}}]	16	2
165	2026-03-05 15:34:18.547706+00	8	bolt_m12 (156)	1	[{"added": {}}]	16	2
166	2026-03-05 15:34:23.923758+00	9	bolt_m10 (154)	1	[{"added": {}}]	16	2
167	2026-03-05 15:36:43.345614+00	57	Step 1: Install tractor frame on assembly stand	2	[{"changed": {"fields": ["Description"]}}]	8	2
168	2026-03-05 15:36:53.468088+00	57	Step 1: Install tractor frame on assembly stand	2	[{"changed": {"fields": ["Category"]}}]	8	2
169	2026-03-05 15:37:09.065602+00	51	Step 1: Install gearbox and connect transmission shaft	2	[{"changed": {"fields": ["Category", "Description"]}}]	8	2
170	2026-03-05 15:37:21.744412+00	45	Step 1: Mount diesel engine to frame and secure with bolts	2	[{"changed": {"fields": ["Category", "Description"]}}]	8	2
171	2026-03-05 15:37:53.686919+00	2	Step 1: Install tractor frame on assembly stand → frame_001 x2	1	[{"added": {}}]	18	2
172	2026-03-05 15:38:12.746427+00	3	Step 1: Mount diesel engine to frame and secure with bolts → bolt_m12 x6	1	[{"added": {}}]	18	2
173	2026-03-05 15:38:21.683865+00	4	Step 1: Install gearbox and connect transmission shaft → gearbox_001 x1	1	[{"added": {}}]	18	2
174	2026-03-05 15:49:47.967912+00	57	Step 1: Install tractor frame on assembly stand	2	[{"changed": {"fields": ["Category"]}}]	8	2
175	2026-03-05 15:50:50.026998+00	57	Step 1: Install tractor frame on assembly stand	2	[]	8	2
176	2026-03-05 16:53:23.804812+00	4	frame_001 (15)	2	[{"changed": {"fields": ["Quantity"]}}]	16	2
177	2026-03-05 16:53:33.05519+00	3	gearbox_001 (15)	2	[{"changed": {"fields": ["Quantity"]}}]	16	2
178	2026-03-05 16:53:38.090121+00	2	bolt (100)	2	[{"changed": {"fields": ["Quantity"]}}]	16	2
179	2026-03-05 16:53:42.414666+00	1	enm001 (10)	2	[{"changed": {"fields": ["Quantity"]}}]	16	2
180	2026-03-05 16:53:48.571819+00	8	bolt_m12 (150)	2	[{"changed": {"fields": ["Quantity"]}}]	16	2
181	2026-03-05 16:53:53.734568+00	9	bolt_m10 (150)	2	[{"changed": {"fields": ["Quantity"]}}]	16	2
182	2026-03-06 12:26:32.602008+00	4	ORIS 80.1??	2	[]	9	2
183	2026-03-06 18:50:11.572556+00	1	enm001 (15)	2	[{"changed": {"fields": ["Quantity"]}}]	16	2
184	2026-03-06 19:23:54.198613+00	1	eng_001 - engine	2	[{"changed": {"fields": ["Code"]}}]	17	2
185	2026-03-06 19:24:09.501044+00	1	engine_001 - engine	2	[{"changed": {"fields": ["Code"]}}]	17	2
186	2026-03-06 19:26:32.258171+00	3	gearbox_001 (15)	2	[{"changed": {"fields": ["Quantity"]}}]	16	2
187	2026-03-06 19:26:33.595852+00	3	gearbox_001 (15)	2	[]	16	2
188	2026-03-06 19:27:01.471899+00	4	frame_001 (15)	2	[{"changed": {"fields": ["Quantity"]}}]	16	2
189	2026-03-06 20:11:56.116367+00	5	wheel_001 (15)	2	[{"changed": {"fields": ["Quantity"]}}]	16	2
190	2026-03-06 20:17:39.744345+00	5	wheel_001 (15)	2	[{"changed": {"fields": ["Quantity"]}}]	16	2
191	2026-03-06 20:20:04.372319+00	5	wheel_001 (8)	2	[{"changed": {"fields": ["Quantity"]}}]	16	2
192	2026-03-06 20:57:16.768994+00	5	wheel_001 (9)	2	[{"changed": {"fields": ["Quantity"]}}]	16	2
193	2026-03-06 21:06:47.868787+00	5	wheel_001 (15)	2	[{"changed": {"fields": ["Quantity"]}}]	16	2
194	2026-03-06 21:12:09.589029+00	5	wheel_001 (9)	2	[{"changed": {"fields": ["Quantity"]}}]	16	2
195	2026-03-06 21:17:39.196286+00	5	wheel_001 (15)	2	[{"changed": {"fields": ["Quantity"]}}]	16	2
196	2026-03-07 09:07:12.447355+00	1	engine_001 (2)	2	[{"changed": {"fields": ["Quantity"]}}]	16	2
197	2026-03-07 09:07:27.874014+00	7	seat_001 (4)	2	[{"changed": {"fields": ["Quantity"]}}]	16	2
198	2026-03-07 09:52:22.75645+00	1	PO - engine_001 (20)	3		19	2
199	2026-03-07 10:07:25.71457+00	39	bratan (USTA_69BCBA)	1	[{"added": {}}]	13	2
200	2026-03-08 10:08:14.695369+00	40	sSSs (SssS)	1	[{"added": {}}]	13	2
201	2026-03-08 10:08:36.23899+00	40	sSSs (USTA_2SS648)	2	[{"changed": {"fields": ["Badge id"]}}]	13	2
202	2026-03-08 17:07:34.138022+00	7	seat_001 (15)	2	[{"changed": {"fields": ["Quantity"]}}]	16	2
203	2026-03-08 17:07:39.142255+00	4	frame_001 (15)	2	[{"changed": {"fields": ["Quantity"]}}]	16	2
204	2026-03-08 17:07:42.962774+00	3	gearbox_001 (15)	2	[{"changed": {"fields": ["Quantity"]}}]	16	2
205	2026-03-08 17:07:46.794988+00	1	engine_001 (15)	2	[{"changed": {"fields": ["Quantity"]}}]	16	2
206	2026-03-08 18:02:21.611068+00	188	55444454545454545	3		10	2
207	2026-03-08 18:02:24.638298+00	187	4332424	3		10	2
208	2026-03-08 18:02:26.787277+00	185	945423523001	3		10	2
209	2026-03-08 18:02:29.17816+00	180	4324324234-1	3		10	2
210	2026-03-08 18:02:31.353513+00	181	4324324234-2	3		10	2
211	2026-03-08 18:02:33.405185+00	182	4324324234-3	3		10	2
212	2026-03-08 18:02:36.407846+00	183	l34UHG5645001	3		10	2
213	2026-03-08 18:02:39.398906+00	184	34521001	3		10	2
214	2026-03-08 18:02:43.063497+00	186	445566	3		10	2
215	2026-03-08 18:12:56.929486+00	192	6969	3		10	2
216	2026-03-08 20:53:48.18824+00	194	23121212	3		10	2
217	2026-03-08 21:22:17.930352+00	1	engine_001 (4)	2	[{"changed": {"fields": ["Quantity"]}}]	16	2
218	2026-03-08 21:22:27.778308+00	1	engine_001 (15)	2	[{"changed": {"fields": ["Quantity"]}}]	16	2
219	2026-03-08 21:35:50.985395+00	191	123432	3		10	2
220	2026-03-08 21:35:53.550372+00	193	6767	3		10	2
221	2026-03-08 21:35:56.182234+00	195	555	3		10	2
222	2026-03-08 21:35:58.448415+00	196	691337	3		10	2
223	2026-03-08 21:36:01.272108+00	197	1001	3		10	2
224	2026-03-08 21:36:03.43808+00	198	1002	3		10	2
225	2026-03-09 07:14:38.149678+00	199	123	3		10	2
226	2026-03-09 07:14:40.315989+00	200	1237659	3		10	2
227	2026-03-09 07:14:42.540307+00	201	445566	3		10	2
228	2026-03-09 07:14:45.067113+00	202	0321001	3		10	2
229	2026-03-09 08:44:17.059482+00	4	frame_001 (6)	2	[{"changed": {"fields": ["Quantity"]}}]	16	2
230	2026-03-09 08:48:00.613901+00	1	engine_001 (1)	2	[{"changed": {"fields": ["Quantity"]}}]	16	2
231	2026-03-09 08:56:28.90967+00	7	PO - engine_001 (20)	2	[]	19	2
232	2026-03-09 09:28:19.020538+00	4	frame_001 (10)	2	[{"changed": {"fields": ["Quantity"]}}]	16	2
233	2026-03-11 07:54:59.292148+00	1	Белурус 80.1	1	[{"added": {}}]	21	2
234	2026-03-11 08:30:35.445013+00	5	zbs	3		9	2
235	2026-03-11 08:30:44.819937+00	16	trakoto	2	[]	9	2
236	2026-03-11 08:30:49.250882+00	16	trakoto	3		9	2
237	2026-03-11 08:30:54.462978+00	15	zbs	3		9	2
238	2026-03-11 08:30:58.092239+00	14	к	3		9	2
239	2026-03-11 08:31:00.827356+00	13	rew	3		9	2
240	2026-03-11 08:31:03.261977+00	12	пыыавпывпывапывафп	3		9	2
241	2026-03-11 08:31:05.527936+00	11	harom	3		9	2
242	2026-03-11 08:31:07.760564+00	10	авпы	3		9	2
243	2026-03-11 08:31:09.788876+00	9	example	3		9	2
244	2026-03-11 08:31:13.569028+00	8	oris bla	3		9	2
245	2026-03-11 08:31:34.90515+00	4	Belarus 80.1	2	[{"changed": {"fields": ["Name"]}}]	9	2
246	2026-03-11 09:58:29.702811+00	37	Меносманов С (USTA_102547)	2	[{"changed": {"fields": ["Name", "Role", "\\u0424\\u043e\\u0442\\u043e \\u0441\\u043e\\u0442\\u0440\\u0443\\u0434\\u043d\\u0438\\u043a\\u0430"]}}]	13	2
247	2026-03-11 09:58:49.788259+00	32	Меносманов С (BRIG_55B137)	2	[{"changed": {"fields": ["Name", "Role", "\\u0424\\u043e\\u0442\\u043e \\u0441\\u043e\\u0442\\u0440\\u0443\\u0434\\u043d\\u0438\\u043a\\u0430"]}}]	13	2
248	2026-03-11 10:00:05.088239+00	27	Ахмаджанов Д (USTA_402B69)	2	[{"changed": {"fields": ["Name", "\\u0424\\u043e\\u0442\\u043e \\u0441\\u043e\\u0442\\u0440\\u0443\\u0434\\u043d\\u0438\\u043a\\u0430"]}}]	13	2
249	2026-03-11 10:00:40.222155+00	22	Хайдаров Мурод (USTA_FB7391)	2	[{"changed": {"fields": ["Name", "\\u0424\\u043e\\u0442\\u043e \\u0441\\u043e\\u0442\\u0440\\u0443\\u0434\\u043d\\u0438\\u043a\\u0430"]}}]	13	2
250	2026-03-11 10:01:32.708821+00	17	Раимжонов Ғулом (BRIG_5C7B6D)	2	[{"changed": {"fields": ["Name", "Role", "\\u0424\\u043e\\u0442\\u043e \\u0441\\u043e\\u0442\\u0440\\u0443\\u0434\\u043d\\u0438\\u043a\\u0430"]}}]	13	2
251	2026-03-11 10:03:25.842365+00	38	Норжигитов Т (USTA_92DCBA)	2	[{"changed": {"fields": ["Name", "Role", "\\u0424\\u043e\\u0442\\u043e \\u0441\\u043e\\u0442\\u0440\\u0443\\u0434\\u043d\\u0438\\u043a\\u0430"]}}]	13	2
252	2026-03-11 10:03:56.485157+00	32	Меносманов С (BRIG_55B137)	3		13	2
253	2026-03-11 10:04:23.54094+00	33	Сулойманов Ш (USTA_4A748F)	2	[{"changed": {"fields": ["Name", "\\u0424\\u043e\\u0442\\u043e \\u0441\\u043e\\u0442\\u0440\\u0443\\u0434\\u043d\\u0438\\u043a\\u0430"]}}]	13	2
254	2026-03-11 10:04:49.20657+00	28	Хабибуллаев Х (USTA_BDEA35)	2	[{"changed": {"fields": ["Name", "\\u0424\\u043e\\u0442\\u043e \\u0441\\u043e\\u0442\\u0440\\u0443\\u0434\\u043d\\u0438\\u043a\\u0430"]}}]	13	2
255	2026-03-11 10:05:36.780584+00	23	Тогонов Ф (BRIG_119626)	2	[{"changed": {"fields": ["Name", "Role", "\\u0424\\u043e\\u0442\\u043e \\u0441\\u043e\\u0442\\u0440\\u0443\\u0434\\u043d\\u0438\\u043a\\u0430"]}}]	13	2
256	2026-03-11 10:05:53.550545+00	18	Operator (USTA_6E9BEA)	3		13	2
257	2026-03-11 10:06:30.504818+00	34	Рахманов Зохид (USTA_890D9E)	2	[{"changed": {"fields": ["Name", "Role", "\\u0424\\u043e\\u0442\\u043e \\u0441\\u043e\\u0442\\u0440\\u0443\\u0434\\u043d\\u0438\\u043a\\u0430"]}}]	13	2
258	2026-03-11 10:06:58.05716+00	29	Саримсоқов Сардор (BRIG_F824F6)	2	[{"changed": {"fields": ["Name", "Role", "\\u0424\\u043e\\u0442\\u043e \\u0441\\u043e\\u0442\\u0440\\u0443\\u0434\\u043d\\u0438\\u043a\\u0430"]}}]	13	2
259	2026-03-11 10:07:23.682907+00	24	Тошмуродов Бахром (BRIG_F75764)	2	[{"changed": {"fields": ["Name", "Role", "\\u0424\\u043e\\u0442\\u043e \\u0441\\u043e\\u0442\\u0440\\u0443\\u0434\\u043d\\u0438\\u043a\\u0430"]}}]	13	2
260	2026-03-11 10:07:40.455409+00	19	Operator (USTA_3A7727)	3		13	2
261	2026-03-11 10:09:03.129428+00	35	Кўпайсинов Ш (USTA_1A84E4)	2	[{"changed": {"fields": ["Name", "Role", "\\u0424\\u043e\\u0442\\u043e \\u0441\\u043e\\u0442\\u0440\\u0443\\u0434\\u043d\\u0438\\u043a\\u0430"]}}]	13	2
262	2026-03-11 10:09:25.96778+00	30	Назимов А (USTA_E76417)	2	[{"changed": {"fields": ["Name", "\\u0424\\u043e\\u0442\\u043e \\u0441\\u043e\\u0442\\u0440\\u0443\\u0434\\u043d\\u0438\\u043a\\u0430"]}}]	13	2
263	2026-03-11 10:09:59.046168+00	25	Қундузалиев С (USTA_C766EC)	2	[{"changed": {"fields": ["Name", "\\u0424\\u043e\\u0442\\u043e \\u0441\\u043e\\u0442\\u0440\\u0443\\u0434\\u043d\\u0438\\u043a\\u0430"]}}]	13	2
264	2026-03-11 10:10:12.128073+00	20	Operator (USTA_DC2D95)	3		13	2
265	2026-03-11 10:10:48.574985+00	36	Хўжабаддинов Н (BRIG_0196B5)	2	[{"changed": {"fields": ["Name", "\\u0424\\u043e\\u0442\\u043e \\u0441\\u043e\\u0442\\u0440\\u0443\\u0434\\u043d\\u0438\\u043a\\u0430"]}}]	13	2
266	2026-03-11 10:11:16.360689+00	31	Бекназаров У (USTA_2BB648)	2	[{"changed": {"fields": ["Name", "\\u0424\\u043e\\u0442\\u043e \\u0441\\u043e\\u0442\\u0440\\u0443\\u0434\\u043d\\u0438\\u043a\\u0430"]}}]	13	2
267	2026-03-11 10:11:49.68019+00	21	Operator (USTA_F7ED0A)	3		13	2
268	2026-03-11 10:12:09.255982+00	26	Маликов Д (USTA_AB08D9)	2	[{"changed": {"fields": ["Name", "\\u0424\\u043e\\u0442\\u043e \\u0441\\u043e\\u0442\\u0440\\u0443\\u0434\\u043d\\u0438\\u043a\\u0430"]}}]	13	2
269	2026-03-11 12:09:34.677608+00	4	frame_001 (5)	2	[{"changed": {"fields": ["Quantity"]}}]	16	2
270	2026-03-12 15:04:51.554058+00	37	Меносманов С (USTA_102547)	2	[{"changed": {"fields": ["\\u0426\\u0438\\u0444\\u0440\\u043e\\u0432\\u043e\\u0439 \\u043e\\u0442\\u043f\\u0435\\u0447\\u0430\\u0442\\u043e\\u043a \\u043b\\u0438\\u0446\\u0430"]}}]	13	2
271	2026-03-12 15:07:32.624735+00	37	Меносманов С (USTA_102547)	2	[{"changed": {"fields": ["\\u0426\\u0438\\u0444\\u0440\\u043e\\u0432\\u043e\\u0439 \\u043e\\u0442\\u043f\\u0435\\u0447\\u0430\\u0442\\u043e\\u043a \\u043b\\u0438\\u0446\\u0430"]}}]	13	2
272	2026-03-12 16:15:55.009809+00	27	Ахмаджанов Д (USTA_402B69)	2	[{"changed": {"fields": ["\\u0426\\u0438\\u0444\\u0440\\u043e\\u0432\\u043e\\u0439 \\u043e\\u0442\\u043f\\u0435\\u0447\\u0430\\u0442\\u043e\\u043a \\u043b\\u0438\\u0446\\u0430"]}}]	13	2
273	2026-03-13 13:52:22.489882+00	102	Belarus 80.1 | Шаг 3	1	[{"added": {}}, {"added": {"name": "step part", "object": "Belarus 80.1 | \\u0428\\u0430\\u0433 3 \\u2192 bolt x1"}}]	8	2
274	2026-03-13 14:02:59.2546+00	103	Belarus 80.1 | Шаг 1	1	[{"added": {}}, {"added": {"name": "step part", "object": "Belarus 80.1 | \\u0428\\u0430\\u0433 1 \\u2192 engine_001 x1"}}]	8	2
275	2026-03-13 14:09:06.571091+00	102	Belarus 80.1 | Шаг 3	3		8	2
276	2026-03-13 14:09:09.472774+00	103	Belarus 80.1 | Шаг 1	3		8	2
277	2026-03-13 14:09:31.959613+00	104	Belarus 80.1 | Шаг 1	1	[{"added": {}}, {"added": {"name": "step part", "object": "Belarus 80.1 | \\u0428\\u0430\\u0433 1 \\u2192 frame_001 x1"}}]	8	2
278	2026-03-13 14:10:00.213163+00	105	Belarus 80.1 | Шаг 2	1	[{"added": {}}, {"added": {"name": "step part", "object": "Belarus 80.1 | \\u0428\\u0430\\u0433 2 \\u2192 frame_001 x1"}}]	8	2
279	2026-03-13 14:16:58.218679+00	106	Belarus 80.1 | Шаг 3	1	[{"added": {}}, {"added": {"name": "step part", "object": "Belarus 80.1 | \\u0428\\u0430\\u0433 3 \\u2192 gearbox_001 x1"}}]	8	2
280	2026-03-13 14:17:45.106436+00	107	Belarus 80.1 | Шаг 4	1	[{"added": {}}, {"added": {"name": "step part", "object": "Belarus 80.1 | \\u0428\\u0430\\u0433 4 \\u2192 seat_001 x1"}}]	8	2
281	2026-03-13 14:21:36.969226+00	107	Belarus 80.1 | Шаг 4	2	[{"changed": {"fields": ["\\u0417\\u0430\\u0433\\u043e\\u043b\\u043e\\u0432\\u043e\\u043a (\\u043d\\u0430\\u043f\\u0440\\u0438\\u043c\\u0435\\u0440: 1.1 \\u0423\\u0441\\u0442\\u0430\\u043d\\u043e\\u0432\\u043a\\u0430...)"]}}]	8	2
282	2026-03-13 14:24:46.586837+00	104	Belarus 80.1 | Шаг 1	2	[{"changed": {"fields": ["\\u041e\\u043f\\u0438\\u0441\\u0430\\u043d\\u0438\\u0435 \\u0440\\u0430\\u0431\\u043e\\u0442"]}}]	8	2
283	2026-03-13 14:28:46.99735+00	104	Belarus 80.1 | Шаг 1	2	[{"changed": {"fields": ["\\u041e\\u043f\\u0438\\u0441\\u0430\\u043d\\u0438\\u0435 \\u0440\\u0430\\u0431\\u043e\\u0442"]}}]	8	2
284	2026-03-13 14:30:39.674599+00	104	Belarus 80.1 | Шаг 1	2	[{"changed": {"fields": ["\\u041e\\u043f\\u0438\\u0441\\u0430\\u043d\\u0438\\u0435 \\u0440\\u0430\\u0431\\u043e\\u0442"]}}]	8	2
285	2026-03-13 14:33:31.391111+00	105	Belarus 80.1 | Шаг 2	2	[{"changed": {"fields": ["\\u041e\\u043f\\u0438\\u0441\\u0430\\u043d\\u0438\\u0435 \\u0440\\u0430\\u0431\\u043e\\u0442"]}}]	8	2
286	2026-03-13 14:33:51.087125+00	107	Belarus 80.1 | Шаг 4	2	[{"changed": {"fields": ["\\u041e\\u043f\\u0438\\u0441\\u0430\\u043d\\u0438\\u0435 \\u0440\\u0430\\u0431\\u043e\\u0442"]}}]	8	2
287	2026-03-13 14:36:49.906235+00	104	Belarus 80.1 | Шаг 1	2	[{"changed": {"fields": ["\\u041e\\u0441\\u043d\\u0430\\u0441\\u0442\\u043a\\u0430", "\\u041c\\u043e\\u043c\\u0435\\u043d\\u0442 \\u0437\\u0430\\u0442\\u044f\\u0436\\u043a\\u0438"]}}]	8	2
288	2026-03-16 08:58:00.685251+00	108	Belarus 80.1 | Шаг 1	1	[{"added": {}}, {"added": {"name": "step part", "object": "Belarus 80.1 | \\u0428\\u0430\\u0433 1 \\u2192 bolt x7"}}]	8	2
289	2026-03-16 09:00:46.805009+00	38	Норжигитов Т (USTA_92DCBA)	2	[{"changed": {"fields": ["\\u0426\\u0438\\u0444\\u0440\\u043e\\u0432\\u043e\\u0439 \\u043e\\u0442\\u043f\\u0435\\u0447\\u0430\\u0442\\u043e\\u043a \\u043b\\u0438\\u0446\\u0430"]}}]	13	2
290	2026-03-16 09:03:35.875823+00	109	Belarus 80.1 | Шаг 2	1	[{"added": {}}, {"added": {"name": "step part", "object": "Belarus 80.1 | \\u0428\\u0430\\u0433 2 \\u2192 seat_001 x1"}}]	8	2
291	2026-03-16 09:05:05.282181+00	7	seat_001 (15)	3		16	2
292	2026-03-16 09:05:48.203771+00	110	Belarus 821 | Шаг 1	1	[{"added": {}}, {"added": {"name": "step part", "object": "Belarus 821 | \\u0428\\u0430\\u0433 1 \\u2192 wiring_001 x1"}}]	8	2
293	2026-03-16 09:41:07.136402+00	111	Belarus 821 | Шаг 2	1	[{"added": {}}]	8	2
294	2026-03-16 09:52:07.513707+00	4	frame_001 (3)	3		16	2
295	2026-03-16 09:52:16.753048+00	3	gearbox_001 (5)	3		16	2
296	2026-03-16 09:52:20.746843+00	9	bolt_m10 (6)	3		16	2
297	2026-03-16 09:52:24.736255+00	1	engine_001 (7)	3		16	2
298	2026-03-16 09:52:28.025595+00	10	front_axle_001 (7)	3		16	2
299	2026-03-16 09:52:31.159464+00	5	wheel_001 (11)	3		16	2
300	2026-03-16 09:52:33.783323+00	6	seat_001 (11)	3		16	2
301	2026-03-16 09:52:36.450523+00	11	transmission_001 (12)	3		16	2
302	2026-03-16 09:52:38.850621+00	12	cooler_001 (12)	3		16	2
303	2026-03-16 09:52:41.841342+00	13	wiring_001 (15)	3		16	2
304	2026-03-16 09:52:44.465835+00	8	bolt_m12 (46)	3		16	2
305	2026-03-16 09:52:48.213588+00	2	bolt (85)	3		16	2
306	2026-03-16 10:00:49.053299+00	92	80-3000030-Б-03 (0)	2	[{"changed": {"fields": ["Quantity"]}}]	16	2
307	2026-03-16 10:00:53.36209+00	93	80-2800010-01 (0)	2	[{"changed": {"fields": ["Quantity"]}}]	16	2
308	2026-03-16 10:00:57.244337+00	94	50-3000011 (0)	2	[{"changed": {"fields": ["Quantity"]}}]	16	2
309	2026-03-16 10:04:17.403577+00	107	Belarus 80.1 | Шаг 4	3		8	2
310	2026-03-16 10:04:20.876012+00	106	Belarus 80.1 | Шаг 3	3		8	2
311	2026-03-16 10:04:23.827942+00	105	Belarus 80.1 | Шаг 2	3		8	2
312	2026-03-16 10:04:26.579594+00	109	Belarus 80.1 | Шаг 2	3		8	2
313	2026-03-16 10:04:29.48858+00	104	Belarus 80.1 | Шаг 1	3		8	2
314	2026-03-16 10:04:31.864592+00	108	Belarus 80.1 | Шаг 1	3		8	2
315	2026-03-16 10:04:34.347731+00	111	Belarus 821 | Шаг 2	3		8	2
316	2026-03-16 10:04:36.750483+00	110	Belarus 821 | Шаг 1	3		8	2
317	2026-03-16 10:24:38.866123+00	28	Станция 1	3		7	2
318	2026-03-16 10:31:36.304667+00	226	12112002	3		10	2
319	2026-03-16 10:31:40.316261+00	225	12112001	3		10	2
320	2026-03-16 12:18:37.209746+00	224	4441003	3		10	2
321	2026-03-16 12:19:16.466176+00	92	80-3000030-Б-03 (5)	2	[{"changed": {"fields": ["Quantity"]}}]	16	2
322	2026-03-16 20:56:28.9996+00	98	3829.15 (5)	2	[{"changed": {"fields": ["Quantity"]}}]	16	2
323	2026-03-17 19:05:28.172949+00	104	80-1108126 (6)	2	[{"changed": {"fields": ["Quantity"]}}]	16	2
324	2026-03-17 19:06:23.520729+00	104	80-1108126 (19)	2	[{"changed": {"fields": ["Quantity"]}}]	16	2
325	2026-03-17 19:06:44.983241+00	107	80-8100023 (5)	2	[{"changed": {"fields": ["Quantity"]}}]	16	2
326	2026-03-18 16:48:48.455301+00	227	9999777	3		10	2
327	2026-03-18 16:49:16.20696+00	228	1	3		10	2
328	2026-03-18 17:50:14.493332+00	38	Норжигитов Т (USTA_92DCBA)	2	[{"changed": {"fields": ["\\u0426\\u0438\\u0444\\u0440\\u043e\\u0432\\u043e\\u0439 \\u043e\\u0442\\u043f\\u0435\\u0447\\u0430\\u0442\\u043e\\u043a \\u043b\\u0438\\u0446\\u0430"]}}]	13	2
329	2026-03-18 17:51:57.400343+00	27	Ахмаджанов Д (USTA_402B69)	2	[{"changed": {"fields": ["\\u0426\\u0438\\u0444\\u0440\\u043e\\u0432\\u043e\\u0439 \\u043e\\u0442\\u043f\\u0435\\u0447\\u0430\\u0442\\u043e\\u043a \\u043b\\u0438\\u0446\\u0430"]}}]	13	2
330	2026-03-18 18:45:44.81462+00	132	Belarus 80.1 | Шаг 7	2	[{"changed": {"fields": ["\\u0412\\u0440\\u0435\\u043c\\u044f (\\u0441\\u0435\\u043a)"]}}]	8	2
331	2026-03-18 18:55:15.330078+00	132	Belarus 80.1 | Шаг 7	2	[{"changed": {"fields": ["\\u0412\\u0440\\u0435\\u043c\\u044f (\\u0441\\u0435\\u043a)"]}}]	8	2
332	2026-03-19 08:56:30.717902+00	41	zamena (7777)	1	[{"added": {}}]	13	2
333	2026-03-19 08:56:57.887719+00	22	Хайдаров Мурод (USTA_FB7391)	2	[]	13	2
334	2026-03-19 08:58:43.491524+00	41	zamena (7777)	2	[]	13	2
335	2026-03-19 08:59:07.302543+00	22	Хайдаров Мурод (USTA_FB7391)	2	[]	13	2
336	2026-03-19 08:59:41.747448+00	41	zamena (7777)	3		13	2
337	2026-03-19 09:14:00.923405+00	42	zamena aka (7777)	1	[{"added": {}}]	13	2
338	2026-03-19 09:14:40.479349+00	17	Раимжонов Ғулом (BRIG_5C7B6D)	2	[{"changed": {"fields": ["\\u0420\\u0430\\u0431\\u043e\\u0447\\u0438\\u0439 \\u043d\\u0430 \\u0437\\u0430\\u043c\\u0435\\u043d\\u0443 (\\u0441\\u043a\\u0440\\u044b\\u0442\\u044c \\u0438\\u0437 \\u0441\\u043f\\u0438\\u0441\\u043a\\u0430 \\u0441\\u0442\\u0430\\u043d\\u0446\\u0438\\u0438)"]}}]	13	2
339	2026-03-19 09:14:54.272807+00	17	Раимжонов Ғулом (BRIG_5C7B6D)	2	[{"changed": {"fields": ["\\u0420\\u0430\\u0431\\u043e\\u0447\\u0438\\u0439 \\u043d\\u0430 \\u0437\\u0430\\u043c\\u0435\\u043d\\u0443 (\\u0441\\u043a\\u0440\\u044b\\u0442\\u044c \\u0438\\u0437 \\u0441\\u043f\\u0438\\u0441\\u043a\\u0430 \\u0441\\u0442\\u0430\\u043d\\u0446\\u0438\\u0438)"]}}]	13	2
340	2026-03-19 09:15:05.646285+00	17	Раимжонов Ғулом (BRIG_5C7B6D)	2	[]	13	2
341	2026-03-19 09:15:33.006502+00	17	Раимжонов Ғулом (BRIG_5C7B6D)	2	[]	13	2
342	2026-03-19 09:29:11.631869+00	42	zamena aka (7777)	3		13	2
343	2026-03-19 09:29:30.271707+00	43	zamena (7777)	1	[{"added": {}}]	13	2
344	2026-03-19 09:29:57.389018+00	22	Хайдаров Мурод (USTA_FB7391)	2	[]	13	2
345	2026-03-19 09:30:47.911406+00	43	zamena (7777)	3		13	2
346	2026-03-19 09:34:18.585255+00	44	zamena (7777)	1	[{"added": {}}]	13	2
347	2026-03-19 09:34:35.684629+00	44	zamena (7777)	2	[{"changed": {"fields": ["Assigned station"]}}]	13	2
348	2026-03-19 09:43:34.138888+00	17	Раимжонов Ғулом (BRIG_5C7B6D)	2	[]	13	2
349	2026-03-19 09:43:43.275661+00	17	Раимжонов Ғулом (BRIG_5C7B6D)	2	[]	13	2
350	2026-03-19 09:51:04.094809+00	17	Раимжонов Ғулом (BRIG_5C7B6D)	2	[]	13	2
351	2026-03-19 09:51:21.696317+00	17	Раимжонов Ғулом (BRIG_5C7B6D)	2	[]	13	2
352	2026-03-19 10:08:05.694294+00	44	zamena (7777)	3		13	2
353	2026-03-19 10:08:35.289317+00	45	zamena (7777)	1	[{"added": {}}]	13	2
354	2026-03-19 10:14:12.183144+00	45	zamena (7777)	3		13	2
355	2026-03-19 10:14:43.540581+00	46	zamena (7777)	1	[{"added": {}}]	13	2
356	2026-03-19 10:14:52.216348+00	17	Раимжонов Ғулом (BRIG_5C7B6D)	2	[{"changed": {"fields": ["\\u041a\\u0435\\u043c \\u0437\\u0430\\u043c\\u0435\\u043d\\u0435\\u043d \\u0432 \\u0434\\u0430\\u043d\\u043d\\u044b\\u0439 \\u043c\\u043e\\u043c\\u0435\\u043d\\u0442"]}}]	13	2
357	2026-03-19 15:51:47.958973+00	100	None | Шаг 1	3		8	2
358	2026-03-19 15:51:53.071315+00	98	None | Шаг 1	3		8	2
359	2026-03-19 15:51:57.416953+00	96	None | Шаг 1	3		8	2
360	2026-03-19 15:52:00.816848+00	94	None | Шаг 1	3		8	2
361	2026-03-19 15:52:05.589408+00	92	None | Шаг 1	3		8	2
362	2026-03-19 15:52:08.964652+00	101	None | Шаг 2	3		8	2
363	2026-03-19 15:52:12.404013+00	99	None | Шаг 2	3		8	2
364	2026-03-19 15:52:16.955294+00	97	None | Шаг 2	3		8	2
365	2026-03-19 15:52:20.28174+00	95	None | Шаг 2	3		8	2
366	2026-03-19 15:52:23.641382+00	93	None | Шаг 2	3		8	2
367	2026-03-19 15:58:48.271799+00	97	915503 (6)	2	[{"changed": {"fields": ["Quantity"]}}]	16	2
368	2026-03-19 16:09:27.351706+00	98	3829.15 (0)	2	[{"changed": {"fields": ["Quantity"]}}]	16	2
369	2026-03-19 16:09:56.475061+00	98	3829.15 (16)	2	[{"changed": {"fields": ["Quantity"]}}]	16	2
370	2026-03-20 13:24:19.819073+00	92	80-3000030-Б-03 (6)	2	[{"changed": {"fields": ["Quantity"]}}]	16	2
371	2026-03-24 16:33:36.253008+00	4	🔴 КРИТИЧЕСКИЙ | 4477777 | Механический дефект (резьба, металл) [✅ Закрыт]	2	[{"changed": {"fields": ["\\u0418\\u0441\\u043f\\u0440\\u0430\\u0432\\u043b\\u0435\\u043d\\u043e"]}}]	22	2
372	2026-03-24 16:44:35.945509+00	4	🔴 КРИТИЧЕСКИЙ | 4477777 | Механический дефект (резьба, металл) [✅ Закрыт]	2	[]	22	2
373	2026-03-24 16:45:40.469225+00	7	🔴 КРИТИЧЕСКИЙ | 4477777 | Механический дефект (резьба, металл) [✅ Закрыт]	2	[{"changed": {"fields": ["\\u0418\\u0441\\u043f\\u0440\\u0430\\u0432\\u043b\\u0435\\u043d\\u043e"]}}]	22	2
374	2026-03-24 18:44:54.623276+00	9	🔴 КРИТИЧЕСКИЙ | 4477777 | Механический дефект (резьба, металл) [✅ Закрыт]	2	[{"changed": {"fields": ["\\u0418\\u0441\\u043f\\u0440\\u0430\\u0432\\u043b\\u0435\\u043d\\u043e"]}}]	22	2
375	2026-03-24 18:49:04.512476+00	10	🔴 КРИТИЧЕСКИЙ | 4477777 | Механический дефект (резьба, металл) [✅ Закрыт]	2	[{"changed": {"fields": ["\\u0418\\u0441\\u043f\\u0440\\u0430\\u0432\\u043b\\u0435\\u043d\\u043e"]}}]	22	2
376	2026-03-25 15:20:18.009336+00	399	222777 - ORIS 80.1??	1	[{"added": {}}]	17	2
377	2026-03-25 15:20:23.999176+00	399	222777 - ORIS 80.1??	3		17	2
\.


--
-- Data for Name: django_content_type; Type: TABLE DATA; Schema: public; Owner: factory_admin
--

COPY public.django_content_type (id, app_label, model) FROM stdin;
1	admin	logentry
2	auth	permission
3	auth	group
4	auth	user
5	contenttypes	contenttype
6	sessions	session
7	core	workstation
8	core	assemblystep
9	core	productvariant
10	core	truckrun
11	core	tasklog
12	core	taskcategory
13	core	worker
14	core	order
15	core	partconsumption
16	core	inventory
17	core	part
18	core	steppart
19	core	purchaseorder
20	core	productionorder
21	core	product
22	core	defectlog
\.


--
-- Data for Name: django_migrations; Type: TABLE DATA; Schema: public; Owner: factory_admin
--

COPY public.django_migrations (id, app, name, applied) FROM stdin;
1	contenttypes	0001_initial	2026-02-14 09:20:56.76203+00
2	auth	0001_initial	2026-02-14 09:20:56.866642+00
3	admin	0001_initial	2026-02-14 09:20:56.906558+00
4	admin	0002_logentry_remove_auto_add	2026-02-14 09:20:56.914738+00
5	admin	0003_logentry_add_action_flag_choices	2026-02-14 09:20:56.923249+00
6	contenttypes	0002_remove_content_type_name	2026-02-14 09:20:56.942536+00
7	auth	0002_alter_permission_name_max_length	2026-02-14 09:20:56.950405+00
8	auth	0003_alter_user_email_max_length	2026-02-14 09:20:56.964264+00
9	auth	0004_alter_user_username_opts	2026-02-14 09:20:56.97214+00
10	auth	0005_alter_user_last_login_null	2026-02-14 09:20:56.989874+00
11	auth	0006_require_contenttypes_0002	2026-02-14 09:20:56.992641+00
12	auth	0007_alter_validators_add_error_messages	2026-02-14 09:20:57.001026+00
13	auth	0008_alter_user_username_max_length	2026-02-14 09:20:57.018584+00
14	auth	0009_alter_user_last_name_max_length	2026-02-14 09:20:57.026812+00
15	auth	0010_alter_group_name_max_length	2026-02-14 09:20:57.036236+00
16	auth	0011_update_proxy_permissions	2026-02-14 09:20:57.042843+00
17	auth	0012_alter_user_first_name_max_length	2026-02-14 09:20:57.050946+00
18	sessions	0001_initial	2026-02-14 09:20:57.071492+00
19	core	0001_initial	2026-02-14 09:34:22.76095+00
20	core	0002_alter_assemblystep_unique_together_and_more	2026-02-14 11:50:15.891342+00
21	core	0003_taskcategory_remove_assemblystep_image_and_more	2026-02-14 12:49:25.192572+00
22	core	0004_productvariant_image_truckrun_truck_serial_number	2026-02-17 13:44:38.099417+00
23	core	0005_alter_truckrun_truck_serial_number	2026-02-20 17:38:21.318409+00
24	core	0006_worker_qr_code	2026-03-05 10:37:14.67555+00
25	core	0007_order	2026-03-05 15:07:53.258657+00
26	core	0008_part_inventory_partconsumption	2026-03-05 15:12:55.48811+00
27	core	0009_steppart	2026-03-05 15:26:22.830108+00
28	core	0010_inventory_critical_level_inventory_low_level	2026-03-06 20:09:10.185027+00
29	core	0011_alter_inventory_quantity	2026-03-06 20:14:02.512053+00
30	core	0012_purchaseorder	2026-03-07 09:42:28.249517+00
31	core	0013_part_reorder_level_part_reorder_quantity	2026-03-07 09:50:42.137393+00
32	core	0014_alter_worker_role_productionorder	2026-03-08 14:26:42.080889+00
33	core	0015_truckrun_current_station	2026-03-08 14:31:37.43694+00
34	core	0016_alter_truckrun_workstation	2026-03-08 14:36:40.446483+00
35	core	0017_remove_productionorder_created_by_and_more	2026-03-08 15:34:21.188304+00
36	core	0018_alter_assemblystep_unique_together_and_more	2026-03-08 18:06:57.855522+00
37	core	0019_product	2026-03-11 07:49:24.595343+00
38	core	0020_delete_product_worker_photo	2026-03-11 09:52:18.348945+00
39	core	0021_worker_face_descriptor	2026-03-12 14:55:15.749283+00
40	core	0022_alter_assemblystep_options_and_more	2026-03-13 13:50:47.359779+00
41	core	0023_worker_is_substitute	2026-03-19 09:08:38.960474+00
42	core	0024_worker_substituted_by	2026-03-19 09:50:30.954116+00
43	core	0025_steppart_package_number	2026-03-19 15:45:12.398055+00
44	core	0026_truckrun_status_defectlog	2026-03-23 18:28:04.680487+00
\.


--
-- Data for Name: django_session; Type: TABLE DATA; Schema: public; Owner: factory_admin
--

COPY public.django_session (session_key, session_data, expire_date) FROM stdin;
6bjxpnefnpcvzvct15ccnrg8wsj3t5gd	.eJxVjMsOwiAQRf-FtSE8hk5x6b7fQAYGpWogKe3K-O_apAvd3nPOfYlA21rC1vMSZhZnocXpd4uUHrnugO9Ub02mVtdljnJX5EG7nBrn5-Vw_w4K9fKtlWaLgORYgbakICY9YsIrwejRJAeeQSXInqwzkSNbY_yAgwXSoFG8P8K7NtM:1vrBuM:h7kWzM1kaIiH8j5CMG31NeXFF0RtTGY6H3Qb9phuLMs	2026-02-28 09:25:46.907407+00
1boqvhgq2lmajmos1vufx3j32mmatu9l	eyJzZWxlY3RlZF9zdGF0aW9uX3NsdWciOiJwb3N0LTEifQ:1vtUEO:zWx0e1e3jXISuk-wwofKqxDPlDulZQ-kEfdtRs28gxU	2026-03-06 17:23:56.103009+00
oip95dylahjl1778u07ze2go3ay6pxh2	eyJzZWxlY3RlZF9zdGF0aW9uX3NsdWciOiJwb3N0LTIifQ:1vtUEi:VUzWDjTTxcSKDCDFvZptCTdE4yI1SnS6b1XCOdj_Hus	2026-03-06 17:24:16.47052+00
jfhv2t03bjottph31xt1lh2ezy1cq8bj	eyJzZWxlY3RlZF9zdGF0aW9uX3NsdWciOiIxIn0:1vtVOo:iX5MODx3isb6ObtSZUzI3t6WGFfLjIiKAtsIO5l-8UQ	2026-03-06 18:38:46.099717+00
ddvh4cdej4fb506nzoovygzsqx89qdse	eyJzZWxlY3RlZF9zdGF0aW9uX3NsdWciOiIyIn0:1vtVPn:RoWMt_cJ8d0zUo9oZjdsjo5ziVDOIvNsCBxP6M1IGDU	2026-03-06 18:39:47.742748+00
74yyls5zds0idqam3qtn6o66rbuchbty	eyJzZWxlY3RlZF9zdGF0aW9uX3NsdWciOiI1In0:1vtVRE:u77naNOTjLuRLCJXQygsi3d8oDX4GvTPjz2AkeSYrMQ	2026-03-06 18:41:16.908789+00
2f5it95rmwo0pndfu4yzglugn1ne7qb4	.eJxVjDsOwyAQBe9CHSE-izEp0-cMaGGJ7cQCyUAV5e6xJRdJ-2bevJnH3mbfa9r8QuzKJLv8bgHjK-UD0BPzVHgsuW1L4IfCT1r5vVBab6f7F5ixzvtbSNIWLBoSIDUKCFGONtoHwuisigYcgYiQHGqjAgXSSrnBDhpQgrR7tKY1xZbI14ZtKdnXtU972rDPF1UKQLo:1vtW1Y:WgqSeebp95IDiBnbjZfPjBSDoC7AfTSslUkPY8jhIGg	2026-03-06 19:18:48.568486+00
h2e1ni9yj8v8aikmojh7xmwrgd8eldby	eyJzZWxlY3RlZF9zdGF0aW9uX3NsdWciOiIxIn0:1vtdKk:uyD9KGuxRodKRH1-Diey73T_kgsAswOJXLvGUybbtWc	2026-03-07 03:07:06.171212+00
z5eimul5gkb81xspa94uy6cyvm5qu0on	eyJzZWxlY3RlZF9zdGF0aW9uX3NsdWciOiIxIn0:1vtdNo:QNyxpz2qpcuP1cabYbdC88ffT63IUUGYcxEpmY6Ruu0	2026-03-07 03:10:16.761345+00
qpfxdpm26152mkgmiryqj7o58xxaer3v	eyJzZWxlY3RlZF9zdGF0aW9uX3NsdWciOiIzIn0:1vtgex:PCG6kIo_6JJsyJopElHGY7ZRSeLcEfic9YjOBUkacrE	2026-03-07 06:40:11.674524+00
ipvwfu0crz0o3xc518t6xans3ycwo9ru	eyJzZWxlY3RlZF9zdGF0aW9uX3NsdWciOiI0In0:1vtgfP:fGar5VAW96Zg47_QksmqHMhZ3LmPFTbrXziCS0A7qmY	2026-03-07 06:40:39.861908+00
3xn45prsyxh6zz3q2ncam4bkdd31qeep	eyJzZWxlY3RlZF9zdGF0aW9uX3NsdWciOiIxIn0:1vtggn:sZlOeznEvH4dtbD0WwlHLn-cKRDjA2ZTwYM2uEyEMbk	2026-03-07 06:42:05.158442+00
2cg4vuk2xau2p7p3kv2ygfy6hdctha0p	eyJzZWxlY3RlZF9zdGF0aW9uX3NsdWciOiIyIn0:1vtgh0:uFD9GfNhlxFmP3zCdnWBNcFnfjb1pT-SyuI8reWoRT8	2026-03-07 06:42:18.688444+00
iuav9pc8o1lnsd1vnzml6iuiad7hcdhj	.eJxVjDsOwyAQBe9CHSE-izEp0-cMaGGJ7cQCyUAV5e6xJTduZ-a9L6tpTbEl8rVhW0r2de0TuzPDbsxjb7PvNW1-oZ3JKwsYPykfgt6Yp8JjyW1bAj8SftrKn4XS-jjby8GMdd7XQpK2YNGQAKlRQIhytNG-EEZnVTTgCESE5FAbFSiQVsoNdtCAEqRlvz__yEC6:1vthV9:Nkfi3E_IkuK2xccVW6DL1YPSwiu0V1VFu8SUE3ak1H0	2026-03-07 07:34:07.271977+00
5ga51wlog68zvhabe0k59f99sh8hhczo	eyJzZWxlY3RlZF9zdGF0aW9uX3NsdWciOiI0In0:1vtigQ:aCBq5VHi52fJDHkWiG0t94OOc8XNbkwRCNMneoQTG24	2026-03-07 08:49:50.616723+00
3b5a3f0qv8tbgrd9ezlmlqushypdoj0z	eyJzZWxlY3RlZF9zdGF0aW9uX3NsdWciOiIzIn0:1vtih2:G9FCU4wpA4SUEPwiOAh76ZWtnjLNyQG_EYaR78sqKtE	2026-03-07 08:50:28.515238+00
onp7xdtcwyfzqjpnrf73410zr807mztf	eyJzZWxlY3RlZF9zdGF0aW9uX3NsdWciOiIyIn0:1vtihg:S5ngeSLMt0_9C0esmGvAPUqCOlFZ-hlPhEHfInJc4Ds	2026-03-07 08:51:08.049105+00
64uunsndm0hf8mvmkf3xw24f62a9s5i4	eyJzZWxlY3RlZF9zdGF0aW9uX3NsdWciOiIxIn0:1vtil4:ap4L1Z5J8QfOtZzZf-IMNdZomZzW3uZiN5qAnnLrXo0	2026-03-07 08:54:38.396142+00
r5tffem4caqiztq4kbn8g9zdfnhiz8ak	.eJxVjDsOwyAQBe9CHSE-izEp0-cMaGGJ7cQCyUAV5e6xJTduZ-a9L6tpTbEl8rVhW0r2de0TuzPDbsxjb7PvNW1-oZ3JKwsYPykfgt6Yp8JjyW1bAj8SftrKn4XS-jjby8GMdd7XQpK2YNGQAKlRQIhytNG-EEZnVTTgCESE5FAbFSiQVsoNdtCAEqRlvz__yEC6:1vtjcv:FEMSa4XR8TqU3KwdfrwYnrIE55cRteAGKD4zw1UBBgc	2026-03-07 09:50:17.330273+00
4a30ger9vsi46xzt9ecohbjw5mh12vv1	eyJzZWxlY3RlZF9zdGF0aW9uX3NsdWciOiIxMjM0In0:1vtk2i:zUs9jEZRJ0i5eP9q-6yMxwvRb9aPO7aP3bbjZjd7WQo	2026-03-07 10:16:56.81756+00
8m3agcdsh6cw36nqxpfyfac55qbc32bp	.eJxVjMsOwiAQRf-FtSE8hk5x6b7fQAYGpWogKe3K-O_apAvd3nPOfYlA21rC1vMSZhZnocXpd4uUHrnugO9Ub02mVtdljnJX5EG7nBrn5-Vw_w4K9fKtlWaLgORYgbakICY9YsIrwejRJAeeQSXInqwzkSNbY_yAgwXSoFG8P8K7NtM:1vtk5k:yebVC9tBQY16TrRFwrX-boLS7r1faiUM6btE1vBPWvc	2026-03-07 10:20:04.76445+00
pzaxq3j38501480osh67no8szch2pg04	eyJzZWxlY3RlZF9zdGF0aW9uX3NsdWciOiIxMjM1In0:1vtk9C:Yw_EjMCjbIQaCiKbuNMzjv6ikdpMI1SgEo-Qu1Nr3-8	2026-03-07 10:23:38.292931+00
e9et0utxde9cmnmxhdmk0cmxp4medtdj	eyJzZWxlY3RlZF9zdGF0aW9uX3NsdWciOiIxMjM2In0:1vtkB5:yeDin6QPGdK-Wq3gZ66_XxWdrn1xtfZT2muxwqcsjig	2026-03-07 10:25:35.36734+00
pk5uwi34di3j5uc5eefp18mbvugdhcs6	eyJzZWxlY3RlZF9zdGF0aW9uX3NsdWciOiIxMjM4In0:1vtkF1:-OAkSvelKNv6N7i3ZvXyvaLiBhtGX6NfCRCUpu9edO8	2026-03-07 10:29:39.211789+00
15rvjs0v842hx66vhpty9440aedlbero	eyJzZWxlY3RlZF9zdGF0aW9uX3NsdWciOiIxMjM3In0:1vtkLv:LrUimkxeMdcG7Vr_yq245EfZ0BR7MCBs0x81lKgTDYE	2026-03-07 10:36:47.157986+00
rawa48mjt1j0qbctedpt9ajj3ao1vkr4	eyJzZWxlY3RlZF9zdGF0aW9uX3NsdWciOiIxMjMxMCJ9:1vtkNf:SJUR7mqSHKA_1E3RKSg8j0cdutvoHMNdUlnuf4xEYJQ	2026-03-07 10:38:35.909604+00
z1ao0fjaf6wnnjovye5vrwj6rcoghqz7	eyJzZWxlY3RlZF9zdGF0aW9uX3NsdWciOiIxMjM5In0:1vtkaJ:3dmWmAOpk8kWoGx_Lwoi-jFdLDiphgpjmPetWhTBPmw	2026-03-07 10:51:39.875221+00
6jcj44ug26ah5349selysb25adrj70gt	eyJzZWxlY3RlZF9zdGF0aW9uX3NsdWciOiIyIn0:1vtoi1:lv-aHSXRkKbmt3gDNLAvMDDPF0kw2SltPwwA8pxxx60	2026-03-07 15:15:53.311589+00
tv1tdz23wr60qgyg2w9v7jiva3jb2dso	eyJzZWxlY3RlZF9zdGF0aW9uX3NsdWciOiIyIn0:1vtpOd:IPLAAQjFNRCobtinAXyd6IYBPmZehRvxO9Ad4Tc6UIg	2026-03-07 15:59:55.760721+00
vy8ovf20myceh9s0503zdc5qh371nl28	.eJxVjMsOwiAQRf-FtSE8hk5x6b7fQAYGpWogKe3K-O_apAvd3nPOfYlA21rC1vMSZhZnocXpd4uUHrnugO9Ub02mVtdljnJX5EG7nBrn5-Vw_w4K9fKtlWaLgORYgbakICY9YsIrwejRJAeeQSXInqwzkSNbY_yAgwXSoFG8P8K7NtM:1vu12x:uqhOyvAMxxTJ3mgepnAn_aO_sH9iB7NdR3H3CkSnHXs	2026-03-08 04:26:19.033053+00
rntrck63793uh54p7n2t0ve9dzvnv1vr	.eJxVjrkOwjAQRP_FNbJ8bhK6mJoKqK2N1zkIiqUcokD8OwlKAe28mad5MY_L3PpliqPviB2ZYoffrMLQx2EDdMehSTykYR67im8VvtOJnxPFh9u7f4IWp3Zd10YKEmQwA1vLTIKppA6g0aoIQVkldQwQtMoKjdpSjiYnQAGFFLKmfJU-09h_H1ETV-Ptci09FO7kSvb-AIuxP-w:1w5Pn6:n1bZ4t1skjvZV4Q9_ia46oQhXKjega7YziZ2w_NGbww	2026-04-08 15:05:04.468874+00
ymjzl0ywvdkln46rp4jnjxk8v17es5m7	.eJxVjrkOwjAQRP_FNbJ8bhK6mJoKqK2N1zkIiqUcokD8OwlKAe28mad5MY_L3PpliqPviB2ZYoffrMLQx2EDdMehSTykYR67im8VvtOJnxPFh9u7f4IWp3Zd10YKEmQwA1vLTIKppA6g0aoIQVkldQwQtMoKjdpSjiYnQAGFFLKmfJU-09h_H1ETV-Ptci09FO7kSvb-AIuxP-w:1w5RFF:ZyXTBnL5CwLmD03hi9BwFZm8VkJdGLXfKeC5d9v-_b0	2026-04-08 16:38:13.161074+00
aq3s4ks8bxc5q7p0rcqwdvlyx83hvd64	.eJxVjEEOwiAQRe_C2hCGgYG6dO8ZyJShUjVtUtqV8e7apAvd_vfef6nE21rT1sqSRlFnZdXpd-s5P8q0A7nzdJt1nqd1GXu9K_qgTV9nKc_L4f4dVG71Ww8OjBhxHMgPEIBcD5gJ2dtC2XoLWDJltKFDRi-RXRRiQx0YGCSq9wfEsjb_:1w5RuB:DpvBrOPRYcxLvStHuFwpTkSfSifKqrMBf_NuZMzGHBk	2026-04-08 17:20:31.627198+00
69be0j55y6z6zwareg24lpzre9b7qyvs	eyJ3b3JrZXJfYmFkZ2UiOiJVU1RBXzEwMjU0NyJ9:1w2PCl:ubia3kbxt1RYAoU6brPzkia5rqIl6ojhsJjh7lzBf8I	2026-03-31 07:51:07.544039+00
\.


--
-- Name: auth_group_id_seq; Type: SEQUENCE SET; Schema: public; Owner: factory_admin
--

SELECT pg_catalog.setval('public.auth_group_id_seq', 1, false);


--
-- Name: auth_group_permissions_id_seq; Type: SEQUENCE SET; Schema: public; Owner: factory_admin
--

SELECT pg_catalog.setval('public.auth_group_permissions_id_seq', 1, false);


--
-- Name: auth_permission_id_seq; Type: SEQUENCE SET; Schema: public; Owner: factory_admin
--

SELECT pg_catalog.setval('public.auth_permission_id_seq', 88, true);


--
-- Name: auth_user_groups_id_seq; Type: SEQUENCE SET; Schema: public; Owner: factory_admin
--

SELECT pg_catalog.setval('public.auth_user_groups_id_seq', 1, false);


--
-- Name: auth_user_id_seq; Type: SEQUENCE SET; Schema: public; Owner: factory_admin
--

SELECT pg_catalog.setval('public.auth_user_id_seq', 2, true);


--
-- Name: auth_user_user_permissions_id_seq; Type: SEQUENCE SET; Schema: public; Owner: factory_admin
--

SELECT pg_catalog.setval('public.auth_user_user_permissions_id_seq', 1, false);


--
-- Name: core_assemblystep_id_seq; Type: SEQUENCE SET; Schema: public; Owner: factory_admin
--

SELECT pg_catalog.setval('public.core_assemblystep_id_seq', 340, true);


--
-- Name: core_defectlog_id_seq; Type: SEQUENCE SET; Schema: public; Owner: factory_admin
--

SELECT pg_catalog.setval('public.core_defectlog_id_seq', 10, true);


--
-- Name: core_inventory_id_seq; Type: SEQUENCE SET; Schema: public; Owner: factory_admin
--

SELECT pg_catalog.setval('public.core_inventory_id_seq', 669, true);


--
-- Name: core_order_id_seq; Type: SEQUENCE SET; Schema: public; Owner: factory_admin
--

SELECT pg_catalog.setval('public.core_order_id_seq', 1, false);


--
-- Name: core_part_id_seq; Type: SEQUENCE SET; Schema: public; Owner: factory_admin
--

SELECT pg_catalog.setval('public.core_part_id_seq', 399, true);


--
-- Name: core_partconsumption_id_seq; Type: SEQUENCE SET; Schema: public; Owner: factory_admin
--

SELECT pg_catalog.setval('public.core_partconsumption_id_seq', 306, true);


--
-- Name: core_productionorder_id_seq; Type: SEQUENCE SET; Schema: public; Owner: factory_admin
--

SELECT pg_catalog.setval('public.core_productionorder_id_seq', 55, true);


--
-- Name: core_productvariant_id_seq; Type: SEQUENCE SET; Schema: public; Owner: factory_admin
--

SELECT pg_catalog.setval('public.core_productvariant_id_seq', 16, true);


--
-- Name: core_purchaseorder_id_seq; Type: SEQUENCE SET; Schema: public; Owner: factory_admin
--

SELECT pg_catalog.setval('public.core_purchaseorder_id_seq', 20, true);


--
-- Name: core_steppart_id_seq; Type: SEQUENCE SET; Schema: public; Owner: factory_admin
--

SELECT pg_catalog.setval('public.core_steppart_id_seq', 922, true);


--
-- Name: core_taskcategory_id_seq; Type: SEQUENCE SET; Schema: public; Owner: factory_admin
--

SELECT pg_catalog.setval('public.core_taskcategory_id_seq', 17, true);


--
-- Name: core_tasklog_id_seq; Type: SEQUENCE SET; Schema: public; Owner: factory_admin
--

SELECT pg_catalog.setval('public.core_tasklog_id_seq', 872, true);


--
-- Name: core_truckrun_id_seq; Type: SEQUENCE SET; Schema: public; Owner: factory_admin
--

SELECT pg_catalog.setval('public.core_truckrun_id_seq', 230, true);


--
-- Name: core_worker_id_seq; Type: SEQUENCE SET; Schema: public; Owner: factory_admin
--

SELECT pg_catalog.setval('public.core_worker_id_seq', 46, true);


--
-- Name: core_workstation_id_seq; Type: SEQUENCE SET; Schema: public; Owner: factory_admin
--

SELECT pg_catalog.setval('public.core_workstation_id_seq', 28, true);


--
-- Name: django_admin_log_id_seq; Type: SEQUENCE SET; Schema: public; Owner: factory_admin
--

SELECT pg_catalog.setval('public.django_admin_log_id_seq', 377, true);


--
-- Name: django_content_type_id_seq; Type: SEQUENCE SET; Schema: public; Owner: factory_admin
--

SELECT pg_catalog.setval('public.django_content_type_id_seq', 22, true);


--
-- Name: django_migrations_id_seq; Type: SEQUENCE SET; Schema: public; Owner: factory_admin
--

SELECT pg_catalog.setval('public.django_migrations_id_seq', 44, true);


--
-- Name: auth_group auth_group_name_key; Type: CONSTRAINT; Schema: public; Owner: factory_admin
--

ALTER TABLE ONLY public.auth_group
    ADD CONSTRAINT auth_group_name_key UNIQUE (name);


--
-- Name: auth_group_permissions auth_group_permissions_group_id_permission_id_0cd325b0_uniq; Type: CONSTRAINT; Schema: public; Owner: factory_admin
--

ALTER TABLE ONLY public.auth_group_permissions
    ADD CONSTRAINT auth_group_permissions_group_id_permission_id_0cd325b0_uniq UNIQUE (group_id, permission_id);


--
-- Name: auth_group_permissions auth_group_permissions_pkey; Type: CONSTRAINT; Schema: public; Owner: factory_admin
--

ALTER TABLE ONLY public.auth_group_permissions
    ADD CONSTRAINT auth_group_permissions_pkey PRIMARY KEY (id);


--
-- Name: auth_group auth_group_pkey; Type: CONSTRAINT; Schema: public; Owner: factory_admin
--

ALTER TABLE ONLY public.auth_group
    ADD CONSTRAINT auth_group_pkey PRIMARY KEY (id);


--
-- Name: auth_permission auth_permission_content_type_id_codename_01ab375a_uniq; Type: CONSTRAINT; Schema: public; Owner: factory_admin
--

ALTER TABLE ONLY public.auth_permission
    ADD CONSTRAINT auth_permission_content_type_id_codename_01ab375a_uniq UNIQUE (content_type_id, codename);


--
-- Name: auth_permission auth_permission_pkey; Type: CONSTRAINT; Schema: public; Owner: factory_admin
--

ALTER TABLE ONLY public.auth_permission
    ADD CONSTRAINT auth_permission_pkey PRIMARY KEY (id);


--
-- Name: auth_user_groups auth_user_groups_pkey; Type: CONSTRAINT; Schema: public; Owner: factory_admin
--

ALTER TABLE ONLY public.auth_user_groups
    ADD CONSTRAINT auth_user_groups_pkey PRIMARY KEY (id);


--
-- Name: auth_user_groups auth_user_groups_user_id_group_id_94350c0c_uniq; Type: CONSTRAINT; Schema: public; Owner: factory_admin
--

ALTER TABLE ONLY public.auth_user_groups
    ADD CONSTRAINT auth_user_groups_user_id_group_id_94350c0c_uniq UNIQUE (user_id, group_id);


--
-- Name: auth_user auth_user_pkey; Type: CONSTRAINT; Schema: public; Owner: factory_admin
--

ALTER TABLE ONLY public.auth_user
    ADD CONSTRAINT auth_user_pkey PRIMARY KEY (id);


--
-- Name: auth_user_user_permissions auth_user_user_permissions_pkey; Type: CONSTRAINT; Schema: public; Owner: factory_admin
--

ALTER TABLE ONLY public.auth_user_user_permissions
    ADD CONSTRAINT auth_user_user_permissions_pkey PRIMARY KEY (id);


--
-- Name: auth_user_user_permissions auth_user_user_permissions_user_id_permission_id_14a6b632_uniq; Type: CONSTRAINT; Schema: public; Owner: factory_admin
--

ALTER TABLE ONLY public.auth_user_user_permissions
    ADD CONSTRAINT auth_user_user_permissions_user_id_permission_id_14a6b632_uniq UNIQUE (user_id, permission_id);


--
-- Name: auth_user auth_user_username_key; Type: CONSTRAINT; Schema: public; Owner: factory_admin
--

ALTER TABLE ONLY public.auth_user
    ADD CONSTRAINT auth_user_username_key UNIQUE (username);


--
-- Name: core_assemblystep core_assemblystep_pkey; Type: CONSTRAINT; Schema: public; Owner: factory_admin
--

ALTER TABLE ONLY public.core_assemblystep
    ADD CONSTRAINT core_assemblystep_pkey PRIMARY KEY (id);


--
-- Name: core_assemblystep core_assemblystep_product_id_workstation_i_1ce63267_uniq; Type: CONSTRAINT; Schema: public; Owner: factory_admin
--

ALTER TABLE ONLY public.core_assemblystep
    ADD CONSTRAINT core_assemblystep_product_id_workstation_i_1ce63267_uniq UNIQUE (product_id, workstation_id, step_number);


--
-- Name: core_defectlog core_defectlog_pkey; Type: CONSTRAINT; Schema: public; Owner: factory_admin
--

ALTER TABLE ONLY public.core_defectlog
    ADD CONSTRAINT core_defectlog_pkey PRIMARY KEY (id);


--
-- Name: core_inventory core_inventory_pkey; Type: CONSTRAINT; Schema: public; Owner: factory_admin
--

ALTER TABLE ONLY public.core_inventory
    ADD CONSTRAINT core_inventory_pkey PRIMARY KEY (id);


--
-- Name: core_order core_order_pkey; Type: CONSTRAINT; Schema: public; Owner: factory_admin
--

ALTER TABLE ONLY public.core_order
    ADD CONSTRAINT core_order_pkey PRIMARY KEY (id);


--
-- Name: core_part core_part_code_key; Type: CONSTRAINT; Schema: public; Owner: factory_admin
--

ALTER TABLE ONLY public.core_part
    ADD CONSTRAINT core_part_code_key UNIQUE (code);


--
-- Name: core_part core_part_pkey; Type: CONSTRAINT; Schema: public; Owner: factory_admin
--

ALTER TABLE ONLY public.core_part
    ADD CONSTRAINT core_part_pkey PRIMARY KEY (id);


--
-- Name: core_partconsumption core_partconsumption_pkey; Type: CONSTRAINT; Schema: public; Owner: factory_admin
--

ALTER TABLE ONLY public.core_partconsumption
    ADD CONSTRAINT core_partconsumption_pkey PRIMARY KEY (id);


--
-- Name: core_productionorder core_productionorder_pkey; Type: CONSTRAINT; Schema: public; Owner: factory_admin
--

ALTER TABLE ONLY public.core_productionorder
    ADD CONSTRAINT core_productionorder_pkey PRIMARY KEY (id);


--
-- Name: core_productvariant core_productvariant_code_key; Type: CONSTRAINT; Schema: public; Owner: factory_admin
--

ALTER TABLE ONLY public.core_productvariant
    ADD CONSTRAINT core_productvariant_code_key UNIQUE (code);


--
-- Name: core_productvariant core_productvariant_pkey; Type: CONSTRAINT; Schema: public; Owner: factory_admin
--

ALTER TABLE ONLY public.core_productvariant
    ADD CONSTRAINT core_productvariant_pkey PRIMARY KEY (id);


--
-- Name: core_purchaseorder core_purchaseorder_pkey; Type: CONSTRAINT; Schema: public; Owner: factory_admin
--

ALTER TABLE ONLY public.core_purchaseorder
    ADD CONSTRAINT core_purchaseorder_pkey PRIMARY KEY (id);


--
-- Name: core_steppart core_steppart_pkey; Type: CONSTRAINT; Schema: public; Owner: factory_admin
--

ALTER TABLE ONLY public.core_steppart
    ADD CONSTRAINT core_steppart_pkey PRIMARY KEY (id);


--
-- Name: core_taskcategory core_taskcategory_pkey; Type: CONSTRAINT; Schema: public; Owner: factory_admin
--

ALTER TABLE ONLY public.core_taskcategory
    ADD CONSTRAINT core_taskcategory_pkey PRIMARY KEY (id);


--
-- Name: core_tasklog core_tasklog_pkey; Type: CONSTRAINT; Schema: public; Owner: factory_admin
--

ALTER TABLE ONLY public.core_tasklog
    ADD CONSTRAINT core_tasklog_pkey PRIMARY KEY (id);


--
-- Name: core_truckrun core_truckrun_pkey; Type: CONSTRAINT; Schema: public; Owner: factory_admin
--

ALTER TABLE ONLY public.core_truckrun
    ADD CONSTRAINT core_truckrun_pkey PRIMARY KEY (id);


--
-- Name: core_truckrun core_truckrun_truck_serial_number_fd1de658_uniq; Type: CONSTRAINT; Schema: public; Owner: factory_admin
--

ALTER TABLE ONLY public.core_truckrun
    ADD CONSTRAINT core_truckrun_truck_serial_number_fd1de658_uniq UNIQUE (truck_serial_number);


--
-- Name: core_worker core_worker_badge_id_key; Type: CONSTRAINT; Schema: public; Owner: factory_admin
--

ALTER TABLE ONLY public.core_worker
    ADD CONSTRAINT core_worker_badge_id_key UNIQUE (badge_id);


--
-- Name: core_worker core_worker_pkey; Type: CONSTRAINT; Schema: public; Owner: factory_admin
--

ALTER TABLE ONLY public.core_worker
    ADD CONSTRAINT core_worker_pkey PRIMARY KEY (id);


--
-- Name: core_workstation core_workstation_ip_address_key; Type: CONSTRAINT; Schema: public; Owner: factory_admin
--

ALTER TABLE ONLY public.core_workstation
    ADD CONSTRAINT core_workstation_ip_address_key UNIQUE (ip_address);


--
-- Name: core_workstation core_workstation_pkey; Type: CONSTRAINT; Schema: public; Owner: factory_admin
--

ALTER TABLE ONLY public.core_workstation
    ADD CONSTRAINT core_workstation_pkey PRIMARY KEY (id);


--
-- Name: core_workstation core_workstation_slug_key; Type: CONSTRAINT; Schema: public; Owner: factory_admin
--

ALTER TABLE ONLY public.core_workstation
    ADD CONSTRAINT core_workstation_slug_key UNIQUE (slug);


--
-- Name: django_admin_log django_admin_log_pkey; Type: CONSTRAINT; Schema: public; Owner: factory_admin
--

ALTER TABLE ONLY public.django_admin_log
    ADD CONSTRAINT django_admin_log_pkey PRIMARY KEY (id);


--
-- Name: django_content_type django_content_type_app_label_model_76bd3d3b_uniq; Type: CONSTRAINT; Schema: public; Owner: factory_admin
--

ALTER TABLE ONLY public.django_content_type
    ADD CONSTRAINT django_content_type_app_label_model_76bd3d3b_uniq UNIQUE (app_label, model);


--
-- Name: django_content_type django_content_type_pkey; Type: CONSTRAINT; Schema: public; Owner: factory_admin
--

ALTER TABLE ONLY public.django_content_type
    ADD CONSTRAINT django_content_type_pkey PRIMARY KEY (id);


--
-- Name: django_migrations django_migrations_pkey; Type: CONSTRAINT; Schema: public; Owner: factory_admin
--

ALTER TABLE ONLY public.django_migrations
    ADD CONSTRAINT django_migrations_pkey PRIMARY KEY (id);


--
-- Name: django_session django_session_pkey; Type: CONSTRAINT; Schema: public; Owner: factory_admin
--

ALTER TABLE ONLY public.django_session
    ADD CONSTRAINT django_session_pkey PRIMARY KEY (session_key);


--
-- Name: auth_group_name_a6ea08ec_like; Type: INDEX; Schema: public; Owner: factory_admin
--

CREATE INDEX auth_group_name_a6ea08ec_like ON public.auth_group USING btree (name varchar_pattern_ops);


--
-- Name: auth_group_permissions_group_id_b120cbf9; Type: INDEX; Schema: public; Owner: factory_admin
--

CREATE INDEX auth_group_permissions_group_id_b120cbf9 ON public.auth_group_permissions USING btree (group_id);


--
-- Name: auth_group_permissions_permission_id_84c5c92e; Type: INDEX; Schema: public; Owner: factory_admin
--

CREATE INDEX auth_group_permissions_permission_id_84c5c92e ON public.auth_group_permissions USING btree (permission_id);


--
-- Name: auth_permission_content_type_id_2f476e4b; Type: INDEX; Schema: public; Owner: factory_admin
--

CREATE INDEX auth_permission_content_type_id_2f476e4b ON public.auth_permission USING btree (content_type_id);


--
-- Name: auth_user_groups_group_id_97559544; Type: INDEX; Schema: public; Owner: factory_admin
--

CREATE INDEX auth_user_groups_group_id_97559544 ON public.auth_user_groups USING btree (group_id);


--
-- Name: auth_user_groups_user_id_6a12ed8b; Type: INDEX; Schema: public; Owner: factory_admin
--

CREATE INDEX auth_user_groups_user_id_6a12ed8b ON public.auth_user_groups USING btree (user_id);


--
-- Name: auth_user_user_permissions_permission_id_1fbb5f2c; Type: INDEX; Schema: public; Owner: factory_admin
--

CREATE INDEX auth_user_user_permissions_permission_id_1fbb5f2c ON public.auth_user_user_permissions USING btree (permission_id);


--
-- Name: auth_user_user_permissions_user_id_a95ead1b; Type: INDEX; Schema: public; Owner: factory_admin
--

CREATE INDEX auth_user_user_permissions_user_id_a95ead1b ON public.auth_user_user_permissions USING btree (user_id);


--
-- Name: auth_user_username_6821ab7c_like; Type: INDEX; Schema: public; Owner: factory_admin
--

CREATE INDEX auth_user_username_6821ab7c_like ON public.auth_user USING btree (username varchar_pattern_ops);


--
-- Name: core_assemblystep_category_id_81e97fa6; Type: INDEX; Schema: public; Owner: factory_admin
--

CREATE INDEX core_assemblystep_category_id_81e97fa6 ON public.core_assemblystep USING btree (category_id);


--
-- Name: core_assemblystep_product_id_3bb854c3; Type: INDEX; Schema: public; Owner: factory_admin
--

CREATE INDEX core_assemblystep_product_id_3bb854c3 ON public.core_assemblystep USING btree (product_id);


--
-- Name: core_assemblystep_workstation_id_c8d77062; Type: INDEX; Schema: public; Owner: factory_admin
--

CREATE INDEX core_assemblystep_workstation_id_c8d77062 ON public.core_assemblystep USING btree (workstation_id);


--
-- Name: core_defectlog_assembly_step_id_064f39a7; Type: INDEX; Schema: public; Owner: factory_admin
--

CREATE INDEX core_defectlog_assembly_step_id_064f39a7 ON public.core_defectlog USING btree (assembly_step_id);


--
-- Name: core_defectlog_truck_run_id_d04afc9a; Type: INDEX; Schema: public; Owner: factory_admin
--

CREATE INDEX core_defectlog_truck_run_id_d04afc9a ON public.core_defectlog USING btree (truck_run_id);


--
-- Name: core_defectlog_worker_id_59654255; Type: INDEX; Schema: public; Owner: factory_admin
--

CREATE INDEX core_defectlog_worker_id_59654255 ON public.core_defectlog USING btree (worker_id);


--
-- Name: core_inventory_part_id_eba3a5db; Type: INDEX; Schema: public; Owner: factory_admin
--

CREATE INDEX core_inventory_part_id_eba3a5db ON public.core_inventory USING btree (part_id);


--
-- Name: core_order_product_id_0cbee06a; Type: INDEX; Schema: public; Owner: factory_admin
--

CREATE INDEX core_order_product_id_0cbee06a ON public.core_order USING btree (product_id);


--
-- Name: core_part_code_aa7973eb_like; Type: INDEX; Schema: public; Owner: factory_admin
--

CREATE INDEX core_part_code_aa7973eb_like ON public.core_part USING btree (code varchar_pattern_ops);


--
-- Name: core_partconsumption_assembly_step_id_271107ba; Type: INDEX; Schema: public; Owner: factory_admin
--

CREATE INDEX core_partconsumption_assembly_step_id_271107ba ON public.core_partconsumption USING btree (assembly_step_id);


--
-- Name: core_partconsumption_part_id_ccdea29b; Type: INDEX; Schema: public; Owner: factory_admin
--

CREATE INDEX core_partconsumption_part_id_ccdea29b ON public.core_partconsumption USING btree (part_id);


--
-- Name: core_partconsumption_truck_run_id_5c6fa55d; Type: INDEX; Schema: public; Owner: factory_admin
--

CREATE INDEX core_partconsumption_truck_run_id_5c6fa55d ON public.core_partconsumption USING btree (truck_run_id);


--
-- Name: core_productvariant_code_95d2b70e_like; Type: INDEX; Schema: public; Owner: factory_admin
--

CREATE INDEX core_productvariant_code_95d2b70e_like ON public.core_productvariant USING btree (code varchar_pattern_ops);


--
-- Name: core_purchaseorder_part_id_0fdd8996; Type: INDEX; Schema: public; Owner: factory_admin
--

CREATE INDEX core_purchaseorder_part_id_0fdd8996 ON public.core_purchaseorder USING btree (part_id);


--
-- Name: core_steppart_assembly_step_id_9844d600; Type: INDEX; Schema: public; Owner: factory_admin
--

CREATE INDEX core_steppart_assembly_step_id_9844d600 ON public.core_steppart USING btree (assembly_step_id);


--
-- Name: core_steppart_part_id_68b164f1; Type: INDEX; Schema: public; Owner: factory_admin
--

CREATE INDEX core_steppart_part_id_68b164f1 ON public.core_steppart USING btree (part_id);


--
-- Name: core_tasklog_assembly_step_id_a59f32f3; Type: INDEX; Schema: public; Owner: factory_admin
--

CREATE INDEX core_tasklog_assembly_step_id_a59f32f3 ON public.core_tasklog USING btree (assembly_step_id);


--
-- Name: core_tasklog_operator_id_65b7dfb0; Type: INDEX; Schema: public; Owner: factory_admin
--

CREATE INDEX core_tasklog_operator_id_65b7dfb0 ON public.core_tasklog USING btree (operator_id);


--
-- Name: core_tasklog_truck_run_id_4b0f9232; Type: INDEX; Schema: public; Owner: factory_admin
--

CREATE INDEX core_tasklog_truck_run_id_4b0f9232 ON public.core_tasklog USING btree (truck_run_id);


--
-- Name: core_truckrun_product_id_9ec55636; Type: INDEX; Schema: public; Owner: factory_admin
--

CREATE INDEX core_truckrun_product_id_9ec55636 ON public.core_truckrun USING btree (product_id);


--
-- Name: core_truckrun_truck_serial_number_fd1de658_like; Type: INDEX; Schema: public; Owner: factory_admin
--

CREATE INDEX core_truckrun_truck_serial_number_fd1de658_like ON public.core_truckrun USING btree (truck_serial_number varchar_pattern_ops);


--
-- Name: core_truckrun_workstation_id_59994c6d; Type: INDEX; Schema: public; Owner: factory_admin
--

CREATE INDEX core_truckrun_workstation_id_59994c6d ON public.core_truckrun USING btree (workstation_id);


--
-- Name: core_worker_assigned_station_id_d1b4ce60; Type: INDEX; Schema: public; Owner: factory_admin
--

CREATE INDEX core_worker_assigned_station_id_d1b4ce60 ON public.core_worker USING btree (assigned_station_id);


--
-- Name: core_worker_badge_id_88e08547_like; Type: INDEX; Schema: public; Owner: factory_admin
--

CREATE INDEX core_worker_badge_id_88e08547_like ON public.core_worker USING btree (badge_id varchar_pattern_ops);


--
-- Name: core_worker_substituted_by_id_7e620986; Type: INDEX; Schema: public; Owner: factory_admin
--

CREATE INDEX core_worker_substituted_by_id_7e620986 ON public.core_worker USING btree (substituted_by_id);


--
-- Name: core_workstation_slug_3e92b6e7_like; Type: INDEX; Schema: public; Owner: factory_admin
--

CREATE INDEX core_workstation_slug_3e92b6e7_like ON public.core_workstation USING btree (slug varchar_pattern_ops);


--
-- Name: django_admin_log_content_type_id_c4bce8eb; Type: INDEX; Schema: public; Owner: factory_admin
--

CREATE INDEX django_admin_log_content_type_id_c4bce8eb ON public.django_admin_log USING btree (content_type_id);


--
-- Name: django_admin_log_user_id_c564eba6; Type: INDEX; Schema: public; Owner: factory_admin
--

CREATE INDEX django_admin_log_user_id_c564eba6 ON public.django_admin_log USING btree (user_id);


--
-- Name: django_session_expire_date_a5c62663; Type: INDEX; Schema: public; Owner: factory_admin
--

CREATE INDEX django_session_expire_date_a5c62663 ON public.django_session USING btree (expire_date);


--
-- Name: django_session_session_key_c0390e0f_like; Type: INDEX; Schema: public; Owner: factory_admin
--

CREATE INDEX django_session_session_key_c0390e0f_like ON public.django_session USING btree (session_key varchar_pattern_ops);


--
-- Name: auth_group_permissions auth_group_permissio_permission_id_84c5c92e_fk_auth_perm; Type: FK CONSTRAINT; Schema: public; Owner: factory_admin
--

ALTER TABLE ONLY public.auth_group_permissions
    ADD CONSTRAINT auth_group_permissio_permission_id_84c5c92e_fk_auth_perm FOREIGN KEY (permission_id) REFERENCES public.auth_permission(id) DEFERRABLE INITIALLY DEFERRED;


--
-- Name: auth_group_permissions auth_group_permissions_group_id_b120cbf9_fk_auth_group_id; Type: FK CONSTRAINT; Schema: public; Owner: factory_admin
--

ALTER TABLE ONLY public.auth_group_permissions
    ADD CONSTRAINT auth_group_permissions_group_id_b120cbf9_fk_auth_group_id FOREIGN KEY (group_id) REFERENCES public.auth_group(id) DEFERRABLE INITIALLY DEFERRED;


--
-- Name: auth_permission auth_permission_content_type_id_2f476e4b_fk_django_co; Type: FK CONSTRAINT; Schema: public; Owner: factory_admin
--

ALTER TABLE ONLY public.auth_permission
    ADD CONSTRAINT auth_permission_content_type_id_2f476e4b_fk_django_co FOREIGN KEY (content_type_id) REFERENCES public.django_content_type(id) DEFERRABLE INITIALLY DEFERRED;


--
-- Name: auth_user_groups auth_user_groups_group_id_97559544_fk_auth_group_id; Type: FK CONSTRAINT; Schema: public; Owner: factory_admin
--

ALTER TABLE ONLY public.auth_user_groups
    ADD CONSTRAINT auth_user_groups_group_id_97559544_fk_auth_group_id FOREIGN KEY (group_id) REFERENCES public.auth_group(id) DEFERRABLE INITIALLY DEFERRED;


--
-- Name: auth_user_groups auth_user_groups_user_id_6a12ed8b_fk_auth_user_id; Type: FK CONSTRAINT; Schema: public; Owner: factory_admin
--

ALTER TABLE ONLY public.auth_user_groups
    ADD CONSTRAINT auth_user_groups_user_id_6a12ed8b_fk_auth_user_id FOREIGN KEY (user_id) REFERENCES public.auth_user(id) DEFERRABLE INITIALLY DEFERRED;


--
-- Name: auth_user_user_permissions auth_user_user_permi_permission_id_1fbb5f2c_fk_auth_perm; Type: FK CONSTRAINT; Schema: public; Owner: factory_admin
--

ALTER TABLE ONLY public.auth_user_user_permissions
    ADD CONSTRAINT auth_user_user_permi_permission_id_1fbb5f2c_fk_auth_perm FOREIGN KEY (permission_id) REFERENCES public.auth_permission(id) DEFERRABLE INITIALLY DEFERRED;


--
-- Name: auth_user_user_permissions auth_user_user_permissions_user_id_a95ead1b_fk_auth_user_id; Type: FK CONSTRAINT; Schema: public; Owner: factory_admin
--

ALTER TABLE ONLY public.auth_user_user_permissions
    ADD CONSTRAINT auth_user_user_permissions_user_id_a95ead1b_fk_auth_user_id FOREIGN KEY (user_id) REFERENCES public.auth_user(id) DEFERRABLE INITIALLY DEFERRED;


--
-- Name: core_assemblystep core_assemblystep_category_id_81e97fa6_fk_core_taskcategory_id; Type: FK CONSTRAINT; Schema: public; Owner: factory_admin
--

ALTER TABLE ONLY public.core_assemblystep
    ADD CONSTRAINT core_assemblystep_category_id_81e97fa6_fk_core_taskcategory_id FOREIGN KEY (category_id) REFERENCES public.core_taskcategory(id) DEFERRABLE INITIALLY DEFERRED;


--
-- Name: core_assemblystep core_assemblystep_product_id_3bb854c3_fk_core_productvariant_id; Type: FK CONSTRAINT; Schema: public; Owner: factory_admin
--

ALTER TABLE ONLY public.core_assemblystep
    ADD CONSTRAINT core_assemblystep_product_id_3bb854c3_fk_core_productvariant_id FOREIGN KEY (product_id) REFERENCES public.core_productvariant(id) DEFERRABLE INITIALLY DEFERRED;


--
-- Name: core_assemblystep core_assemblystep_workstation_id_c8d77062_fk_core_work; Type: FK CONSTRAINT; Schema: public; Owner: factory_admin
--

ALTER TABLE ONLY public.core_assemblystep
    ADD CONSTRAINT core_assemblystep_workstation_id_c8d77062_fk_core_work FOREIGN KEY (workstation_id) REFERENCES public.core_workstation(id) DEFERRABLE INITIALLY DEFERRED;


--
-- Name: core_defectlog core_defectlog_assembly_step_id_064f39a7_fk_core_asse; Type: FK CONSTRAINT; Schema: public; Owner: factory_admin
--

ALTER TABLE ONLY public.core_defectlog
    ADD CONSTRAINT core_defectlog_assembly_step_id_064f39a7_fk_core_asse FOREIGN KEY (assembly_step_id) REFERENCES public.core_assemblystep(id) DEFERRABLE INITIALLY DEFERRED;


--
-- Name: core_defectlog core_defectlog_truck_run_id_d04afc9a_fk_core_truckrun_id; Type: FK CONSTRAINT; Schema: public; Owner: factory_admin
--

ALTER TABLE ONLY public.core_defectlog
    ADD CONSTRAINT core_defectlog_truck_run_id_d04afc9a_fk_core_truckrun_id FOREIGN KEY (truck_run_id) REFERENCES public.core_truckrun(id) DEFERRABLE INITIALLY DEFERRED;


--
-- Name: core_defectlog core_defectlog_worker_id_59654255_fk_core_worker_id; Type: FK CONSTRAINT; Schema: public; Owner: factory_admin
--

ALTER TABLE ONLY public.core_defectlog
    ADD CONSTRAINT core_defectlog_worker_id_59654255_fk_core_worker_id FOREIGN KEY (worker_id) REFERENCES public.core_worker(id) DEFERRABLE INITIALLY DEFERRED;


--
-- Name: core_inventory core_inventory_part_id_eba3a5db_fk_core_part_id; Type: FK CONSTRAINT; Schema: public; Owner: factory_admin
--

ALTER TABLE ONLY public.core_inventory
    ADD CONSTRAINT core_inventory_part_id_eba3a5db_fk_core_part_id FOREIGN KEY (part_id) REFERENCES public.core_part(id) DEFERRABLE INITIALLY DEFERRED;


--
-- Name: core_order core_order_product_id_0cbee06a_fk_core_productvariant_id; Type: FK CONSTRAINT; Schema: public; Owner: factory_admin
--

ALTER TABLE ONLY public.core_order
    ADD CONSTRAINT core_order_product_id_0cbee06a_fk_core_productvariant_id FOREIGN KEY (product_id) REFERENCES public.core_productvariant(id) DEFERRABLE INITIALLY DEFERRED;


--
-- Name: core_partconsumption core_partconsumption_assembly_step_id_271107ba_fk_core_asse; Type: FK CONSTRAINT; Schema: public; Owner: factory_admin
--

ALTER TABLE ONLY public.core_partconsumption
    ADD CONSTRAINT core_partconsumption_assembly_step_id_271107ba_fk_core_asse FOREIGN KEY (assembly_step_id) REFERENCES public.core_assemblystep(id) DEFERRABLE INITIALLY DEFERRED;


--
-- Name: core_partconsumption core_partconsumption_part_id_ccdea29b_fk_core_part_id; Type: FK CONSTRAINT; Schema: public; Owner: factory_admin
--

ALTER TABLE ONLY public.core_partconsumption
    ADD CONSTRAINT core_partconsumption_part_id_ccdea29b_fk_core_part_id FOREIGN KEY (part_id) REFERENCES public.core_part(id) DEFERRABLE INITIALLY DEFERRED;


--
-- Name: core_partconsumption core_partconsumption_truck_run_id_5c6fa55d_fk_core_truckrun_id; Type: FK CONSTRAINT; Schema: public; Owner: factory_admin
--

ALTER TABLE ONLY public.core_partconsumption
    ADD CONSTRAINT core_partconsumption_truck_run_id_5c6fa55d_fk_core_truckrun_id FOREIGN KEY (truck_run_id) REFERENCES public.core_truckrun(id) DEFERRABLE INITIALLY DEFERRED;


--
-- Name: core_purchaseorder core_purchaseorder_part_id_0fdd8996_fk_core_part_id; Type: FK CONSTRAINT; Schema: public; Owner: factory_admin
--

ALTER TABLE ONLY public.core_purchaseorder
    ADD CONSTRAINT core_purchaseorder_part_id_0fdd8996_fk_core_part_id FOREIGN KEY (part_id) REFERENCES public.core_part(id) DEFERRABLE INITIALLY DEFERRED;


--
-- Name: core_steppart core_steppart_assembly_step_id_9844d600_fk_core_assemblystep_id; Type: FK CONSTRAINT; Schema: public; Owner: factory_admin
--

ALTER TABLE ONLY public.core_steppart
    ADD CONSTRAINT core_steppart_assembly_step_id_9844d600_fk_core_assemblystep_id FOREIGN KEY (assembly_step_id) REFERENCES public.core_assemblystep(id) DEFERRABLE INITIALLY DEFERRED;


--
-- Name: core_steppart core_steppart_part_id_68b164f1_fk_core_part_id; Type: FK CONSTRAINT; Schema: public; Owner: factory_admin
--

ALTER TABLE ONLY public.core_steppart
    ADD CONSTRAINT core_steppart_part_id_68b164f1_fk_core_part_id FOREIGN KEY (part_id) REFERENCES public.core_part(id) DEFERRABLE INITIALLY DEFERRED;


--
-- Name: core_tasklog core_tasklog_assembly_step_id_a59f32f3_fk_core_assemblystep_id; Type: FK CONSTRAINT; Schema: public; Owner: factory_admin
--

ALTER TABLE ONLY public.core_tasklog
    ADD CONSTRAINT core_tasklog_assembly_step_id_a59f32f3_fk_core_assemblystep_id FOREIGN KEY (assembly_step_id) REFERENCES public.core_assemblystep(id) DEFERRABLE INITIALLY DEFERRED;


--
-- Name: core_tasklog core_tasklog_operator_id_65b7dfb0_fk_core_worker_id; Type: FK CONSTRAINT; Schema: public; Owner: factory_admin
--

ALTER TABLE ONLY public.core_tasklog
    ADD CONSTRAINT core_tasklog_operator_id_65b7dfb0_fk_core_worker_id FOREIGN KEY (operator_id) REFERENCES public.core_worker(id) DEFERRABLE INITIALLY DEFERRED;


--
-- Name: core_tasklog core_tasklog_truck_run_id_4b0f9232_fk_core_truckrun_id; Type: FK CONSTRAINT; Schema: public; Owner: factory_admin
--

ALTER TABLE ONLY public.core_tasklog
    ADD CONSTRAINT core_tasklog_truck_run_id_4b0f9232_fk_core_truckrun_id FOREIGN KEY (truck_run_id) REFERENCES public.core_truckrun(id) DEFERRABLE INITIALLY DEFERRED;


--
-- Name: core_truckrun core_truckrun_product_id_9ec55636_fk_core_productvariant_id; Type: FK CONSTRAINT; Schema: public; Owner: factory_admin
--

ALTER TABLE ONLY public.core_truckrun
    ADD CONSTRAINT core_truckrun_product_id_9ec55636_fk_core_productvariant_id FOREIGN KEY (product_id) REFERENCES public.core_productvariant(id) DEFERRABLE INITIALLY DEFERRED;


--
-- Name: core_truckrun core_truckrun_workstation_id_59994c6d_fk_core_workstation_id; Type: FK CONSTRAINT; Schema: public; Owner: factory_admin
--

ALTER TABLE ONLY public.core_truckrun
    ADD CONSTRAINT core_truckrun_workstation_id_59994c6d_fk_core_workstation_id FOREIGN KEY (workstation_id) REFERENCES public.core_workstation(id) DEFERRABLE INITIALLY DEFERRED;


--
-- Name: core_worker core_worker_assigned_station_id_d1b4ce60_fk_core_workstation_id; Type: FK CONSTRAINT; Schema: public; Owner: factory_admin
--

ALTER TABLE ONLY public.core_worker
    ADD CONSTRAINT core_worker_assigned_station_id_d1b4ce60_fk_core_workstation_id FOREIGN KEY (assigned_station_id) REFERENCES public.core_workstation(id) DEFERRABLE INITIALLY DEFERRED;


--
-- Name: core_worker core_worker_substituted_by_id_7e620986_fk_core_worker_id; Type: FK CONSTRAINT; Schema: public; Owner: factory_admin
--

ALTER TABLE ONLY public.core_worker
    ADD CONSTRAINT core_worker_substituted_by_id_7e620986_fk_core_worker_id FOREIGN KEY (substituted_by_id) REFERENCES public.core_worker(id) DEFERRABLE INITIALLY DEFERRED;


--
-- Name: django_admin_log django_admin_log_content_type_id_c4bce8eb_fk_django_co; Type: FK CONSTRAINT; Schema: public; Owner: factory_admin
--

ALTER TABLE ONLY public.django_admin_log
    ADD CONSTRAINT django_admin_log_content_type_id_c4bce8eb_fk_django_co FOREIGN KEY (content_type_id) REFERENCES public.django_content_type(id) DEFERRABLE INITIALLY DEFERRED;


--
-- Name: django_admin_log django_admin_log_user_id_c564eba6_fk_auth_user_id; Type: FK CONSTRAINT; Schema: public; Owner: factory_admin
--

ALTER TABLE ONLY public.django_admin_log
    ADD CONSTRAINT django_admin_log_user_id_c564eba6_fk_auth_user_id FOREIGN KEY (user_id) REFERENCES public.auth_user(id) DEFERRABLE INITIALLY DEFERRED;


--
-- PostgreSQL database dump complete
--

\unrestrict N2Mox53vdBNZwDEMZfd1CJTEtxgIbZIkV0cCvdnYuu3HkmaK7dTlXr4r9RcCe0q

